Program Name,Noise Name,Thread Count,Repetition,Time (Seconds)
denoise_calendar_final,../noise_1920x1280.ppm,1,1,1.7852960519994667
denoise_calendar_final,../noise_1920x1280.ppm,1,2,1.7611203560009017
denoise_calendar_final,../noise_1920x1280.ppm,1,3,1.7852068660013174
denoise_calendar_final,../noise_1920x1280.ppm,1,4,1.7395444220001082
denoise_calendar_final,../noise_1920x1280.ppm,1,5,1.7345798409987765
denoise_calendar_final,../noise_1920x1280.ppm,1,6,1.7090133669989882
denoise_calendar_final,../noise_1920x1280.ppm,1,7,1.7045342900000833
denoise_calendar_final,../noise_1920x1280.ppm,1,8,1.743792757000847
denoise_calendar_final,../noise_1920x1280.ppm,1,9,1.7078375359997153
denoise_calendar_final,../noise_1920x1280.ppm,1,10,1.7094765340007143
denoise_calendar_final,../noise_1920x1280.ppm,1,11,1.7250860490003106
denoise_calendar_final,../noise_1920x1280.ppm,1,12,1.7079793470002187
denoise_calendar_final,../noise_1920x1280.ppm,1,13,1.7100709070000448
denoise_calendar_final,../noise_1920x1280.ppm,1,14,1.7159457570014638
denoise_calendar_final,../noise_1920x1280.ppm,1,15,1.7355703970006289
denoise_calendar_final,../noise_1920x1280.ppm,1,16,1.7076023480003641
denoise_calendar_final,../noise_1920x1280.ppm,1,17,1.7402831370000058
denoise_calendar_final,../noise_1920x1280.ppm,1,18,1.7116942690008727
denoise_calendar_final,../noise_1920x1280.ppm,1,19,1.7160588130009273
denoise_calendar_final,../noise_1920x1280.ppm,1,20,1.7206730160014558
denoise_calendar_final,../noise_1920x1280.ppm,1,21,1.7083554639993963
denoise_calendar_final,../noise_1920x1280.ppm,1,22,1.7152584040013608
denoise_calendar_final,../noise_1920x1280.ppm,1,23,1.8183864549991995
denoise_calendar_final,../noise_1920x1280.ppm,1,24,1.7329061700002057
denoise_calendar_final,../noise_1920x1280.ppm,1,25,1.7252531169997383
denoise_calendar_final,../noise_1920x1280.ppm,1,26,1.7387245669997355
denoise_calendar_final,../noise_1920x1280.ppm,1,27,1.7420976519988471
denoise_calendar_final,../noise_1920x1280.ppm,1,28,1.775751516001037
denoise_calendar_final,../noise_1920x1280.ppm,1,29,1.7241128470013791
denoise_calendar_final,../noise_1920x1280.ppm,1,30,1.7662008890001744
denoise_calendar_final,../noise_1920x1280.ppm,2,1,0.9441189789995406
denoise_calendar_final,../noise_1920x1280.ppm,2,2,0.9605259859999933
denoise_calendar_final,../noise_1920x1280.ppm,2,3,0.9445396120008809
denoise_calendar_final,../noise_1920x1280.ppm,2,4,1.0240209469993715
denoise_calendar_final,../noise_1920x1280.ppm,2,5,1.0224258889993507
denoise_calendar_final,../noise_1920x1280.ppm,2,6,0.9367784790010774
denoise_calendar_final,../noise_1920x1280.ppm,2,7,0.9487766570000531
denoise_calendar_final,../noise_1920x1280.ppm,2,8,0.9808742389996041
denoise_calendar_final,../noise_1920x1280.ppm,2,9,1.1288863610006956
denoise_calendar_final,../noise_1920x1280.ppm,2,10,0.9989222900003369
denoise_calendar_final,../noise_1920x1280.ppm,2,11,0.9863446990002558
denoise_calendar_final,../noise_1920x1280.ppm,2,12,0.9430041439991328
denoise_calendar_final,../noise_1920x1280.ppm,2,13,0.9458574260006571
denoise_calendar_final,../noise_1920x1280.ppm,2,14,0.971143751999989
denoise_calendar_final,../noise_1920x1280.ppm,2,15,1.027082636999694
denoise_calendar_final,../noise_1920x1280.ppm,2,16,1.0018904580010712
denoise_calendar_final,../noise_1920x1280.ppm,2,17,0.9919957319998502
denoise_calendar_final,../noise_1920x1280.ppm,2,18,0.979639548000705
denoise_calendar_final,../noise_1920x1280.ppm,2,19,0.964341554999919
denoise_calendar_final,../noise_1920x1280.ppm,2,20,0.9705197960010992
denoise_calendar_final,../noise_1920x1280.ppm,2,21,0.9318005650002306
denoise_calendar_final,../noise_1920x1280.ppm,2,22,0.9465907379999408
denoise_calendar_final,../noise_1920x1280.ppm,2,23,0.9497080290002486
denoise_calendar_final,../noise_1920x1280.ppm,2,24,0.943035043999771
denoise_calendar_final,../noise_1920x1280.ppm,2,25,0.9428012959997432
denoise_calendar_final,../noise_1920x1280.ppm,2,26,0.939907845999187
denoise_calendar_final,../noise_1920x1280.ppm,2,27,0.9380164449994481
denoise_calendar_final,../noise_1920x1280.ppm,2,28,0.9498907329998474
denoise_calendar_final,../noise_1920x1280.ppm,2,29,0.9379575109996949
denoise_calendar_final,../noise_1920x1280.ppm,2,30,0.938528941000186
denoise_calendar_final,../noise_1920x1280.ppm,3,1,0.6391680750002706
denoise_calendar_final,../noise_1920x1280.ppm,3,2,0.6586840899999515
denoise_calendar_final,../noise_1920x1280.ppm,3,3,0.6452916119997099
denoise_calendar_final,../noise_1920x1280.ppm,3,4,0.645430258999113
denoise_calendar_final,../noise_1920x1280.ppm,3,5,0.6450229860001855
denoise_calendar_final,../noise_1920x1280.ppm,3,6,0.647441876000812
denoise_calendar_final,../noise_1920x1280.ppm,3,7,0.645497212999544
denoise_calendar_final,../noise_1920x1280.ppm,3,8,0.6467343009990145
denoise_calendar_final,../noise_1920x1280.ppm,3,9,0.642891215000418
denoise_calendar_final,../noise_1920x1280.ppm,3,10,0.6510699490008847
denoise_calendar_final,../noise_1920x1280.ppm,3,11,0.6531495150011324
denoise_calendar_final,../noise_1920x1280.ppm,3,12,0.6612212799991539
denoise_calendar_final,../noise_1920x1280.ppm,3,13,0.648968966999746
denoise_calendar_final,../noise_1920x1280.ppm,3,14,0.6705006659994979
denoise_calendar_final,../noise_1920x1280.ppm,3,15,0.6502880880016164
denoise_calendar_final,../noise_1920x1280.ppm,3,16,0.6497405600002821
denoise_calendar_final,../noise_1920x1280.ppm,3,17,0.6473619530006545
denoise_calendar_final,../noise_1920x1280.ppm,3,18,0.6474725080006465
denoise_calendar_final,../noise_1920x1280.ppm,3,19,0.6569403230005264
denoise_calendar_final,../noise_1920x1280.ppm,3,20,0.6664272970010643
denoise_calendar_final,../noise_1920x1280.ppm,3,21,0.655712042000232
denoise_calendar_final,../noise_1920x1280.ppm,3,22,0.6511267419991782
denoise_calendar_final,../noise_1920x1280.ppm,3,23,0.6636523950000992
denoise_calendar_final,../noise_1920x1280.ppm,3,24,0.6817996360005054
denoise_calendar_final,../noise_1920x1280.ppm,3,25,0.6638808080006129
denoise_calendar_final,../noise_1920x1280.ppm,3,26,0.6580698600009782
denoise_calendar_final,../noise_1920x1280.ppm,3,27,0.6665793100000883
denoise_calendar_final,../noise_1920x1280.ppm,3,28,0.6522440459993959
denoise_calendar_final,../noise_1920x1280.ppm,3,29,0.6557100600002741
denoise_calendar_final,../noise_1920x1280.ppm,3,30,0.6510233099998004
denoise_calendar_final,../noise_1920x1280.ppm,4,1,0.5052863750006509
denoise_calendar_final,../noise_1920x1280.ppm,4,2,0.5095013579993974
denoise_calendar_final,../noise_1920x1280.ppm,4,3,0.5203237349996925
denoise_calendar_final,../noise_1920x1280.ppm,4,4,0.5019648570014397
denoise_calendar_final,../noise_1920x1280.ppm,4,5,0.4996003300002485
denoise_calendar_final,../noise_1920x1280.ppm,4,6,0.49769209799887904
denoise_calendar_final,../noise_1920x1280.ppm,4,7,0.5081261220002489
denoise_calendar_final,../noise_1920x1280.ppm,4,8,0.5015761189988552
denoise_calendar_final,../noise_1920x1280.ppm,4,9,0.49663952099945163
denoise_calendar_final,../noise_1920x1280.ppm,4,10,0.5003232740000385
denoise_calendar_final,../noise_1920x1280.ppm,4,11,0.5007299219996639
denoise_calendar_final,../noise_1920x1280.ppm,4,12,0.5049656649989629
denoise_calendar_final,../noise_1920x1280.ppm,4,13,0.4989844270003232
denoise_calendar_final,../noise_1920x1280.ppm,4,14,0.5039822569997341
denoise_calendar_final,../noise_1920x1280.ppm,4,15,0.5068525199985743
denoise_calendar_final,../noise_1920x1280.ppm,4,16,0.5052319110000099
denoise_calendar_final,../noise_1920x1280.ppm,4,17,0.5011683899992931
denoise_calendar_final,../noise_1920x1280.ppm,4,18,0.5235805259999324
denoise_calendar_final,../noise_1920x1280.ppm,4,19,0.5036030380015291
denoise_calendar_final,../noise_1920x1280.ppm,4,20,0.5017370759996993
denoise_calendar_final,../noise_1920x1280.ppm,4,21,0.5117781399985688
denoise_calendar_final,../noise_1920x1280.ppm,4,22,0.5126605620007467
denoise_calendar_final,../noise_1920x1280.ppm,4,23,0.5094997209998837
denoise_calendar_final,../noise_1920x1280.ppm,4,24,0.5014482869992207
denoise_calendar_final,../noise_1920x1280.ppm,4,25,0.5047504239992122
denoise_calendar_final,../noise_1920x1280.ppm,4,26,0.5033602690000407
denoise_calendar_final,../noise_1920x1280.ppm,4,27,0.5022232649989746
denoise_calendar_final,../noise_1920x1280.ppm,4,28,0.5055122440007835
denoise_calendar_final,../noise_1920x1280.ppm,4,29,0.5001034760007315
denoise_calendar_final,../noise_1920x1280.ppm,4,30,0.5063174200004141
denoise_calendar_final,../noise_1920x1280.ppm,5,1,0.4335943389996828
denoise_calendar_final,../noise_1920x1280.ppm,5,2,0.4322058170000673
denoise_calendar_final,../noise_1920x1280.ppm,5,3,0.4593881840009999
denoise_calendar_final,../noise_1920x1280.ppm,5,4,0.4355257809984323
denoise_calendar_final,../noise_1920x1280.ppm,5,5,0.4363111349994142
denoise_calendar_final,../noise_1920x1280.ppm,5,6,0.43186934100049257
denoise_calendar_final,../noise_1920x1280.ppm,5,7,0.4358376180007326
denoise_calendar_final,../noise_1920x1280.ppm,5,8,0.4313023559989233
denoise_calendar_final,../noise_1920x1280.ppm,5,9,0.4322818290002033
denoise_calendar_final,../noise_1920x1280.ppm,5,10,0.4348357950002537
denoise_calendar_final,../noise_1920x1280.ppm,5,11,0.43227181500151346
denoise_calendar_final,../noise_1920x1280.ppm,5,12,0.4281914820003294
denoise_calendar_final,../noise_1920x1280.ppm,5,13,0.43792589100121404
denoise_calendar_final,../noise_1920x1280.ppm,5,14,0.4336111590000655
denoise_calendar_final,../noise_1920x1280.ppm,5,15,0.43566151600134617
denoise_calendar_final,../noise_1920x1280.ppm,5,16,0.43013116200017976
denoise_calendar_final,../noise_1920x1280.ppm,5,17,0.43647501499981445
denoise_calendar_final,../noise_1920x1280.ppm,5,18,0.43134192999968946
denoise_calendar_final,../noise_1920x1280.ppm,5,19,0.45255284999984724
denoise_calendar_final,../noise_1920x1280.ppm,5,20,0.436560696000015
denoise_calendar_final,../noise_1920x1280.ppm,5,21,0.4352435950004292
denoise_calendar_final,../noise_1920x1280.ppm,5,22,0.4302912169987394
denoise_calendar_final,../noise_1920x1280.ppm,5,23,0.43776858300043386
denoise_calendar_final,../noise_1920x1280.ppm,5,24,0.43620247900071263
denoise_calendar_final,../noise_1920x1280.ppm,5,25,0.4327413680002792
denoise_calendar_final,../noise_1920x1280.ppm,5,26,0.43752468899947417
denoise_calendar_final,../noise_1920x1280.ppm,5,27,0.43547836399920925
denoise_calendar_final,../noise_1920x1280.ppm,5,28,0.438520513000185
denoise_calendar_final,../noise_1920x1280.ppm,5,29,0.43607358100052807
denoise_calendar_final,../noise_1920x1280.ppm,5,30,0.4377691230001801
denoise_calendar_final,../noise_1920x1280.ppm,6,1,0.3701292139994621
denoise_calendar_final,../noise_1920x1280.ppm,6,2,0.37418848400011484
denoise_calendar_final,../noise_1920x1280.ppm,6,3,0.42183910600033414
denoise_calendar_final,../noise_1920x1280.ppm,6,4,0.3752843729998858
denoise_calendar_final,../noise_1920x1280.ppm,6,5,0.37040617700040457
denoise_calendar_final,../noise_1920x1280.ppm,6,6,0.37252425199949357
denoise_calendar_final,../noise_1920x1280.ppm,6,7,0.37217289200089
denoise_calendar_final,../noise_1920x1280.ppm,6,8,0.37420478599960916
denoise_calendar_final,../noise_1920x1280.ppm,6,9,0.3758306720010296
denoise_calendar_final,../noise_1920x1280.ppm,6,10,0.37689508399853366
denoise_calendar_final,../noise_1920x1280.ppm,6,11,0.3755832900005771
denoise_calendar_final,../noise_1920x1280.ppm,6,12,0.3764387960000022
denoise_calendar_final,../noise_1920x1280.ppm,6,13,0.3745100010000897
denoise_calendar_final,../noise_1920x1280.ppm,6,14,0.39369038400036516
denoise_calendar_final,../noise_1920x1280.ppm,6,15,0.384560780999891
denoise_calendar_final,../noise_1920x1280.ppm,6,16,0.373726899999383
denoise_calendar_final,../noise_1920x1280.ppm,6,17,0.3829812740004854
denoise_calendar_final,../noise_1920x1280.ppm,6,18,0.3721122599999944
denoise_calendar_final,../noise_1920x1280.ppm,6,19,0.39408154299962916
denoise_calendar_final,../noise_1920x1280.ppm,6,20,0.387807402999897
denoise_calendar_final,../noise_1920x1280.ppm,6,21,0.38891259000047285
denoise_calendar_final,../noise_1920x1280.ppm,6,22,0.37930408799911675
denoise_calendar_final,../noise_1920x1280.ppm,6,23,0.3852780500001245
denoise_calendar_final,../noise_1920x1280.ppm,6,24,0.3768172140007664
denoise_calendar_final,../noise_1920x1280.ppm,6,25,0.3784572090007714
denoise_calendar_final,../noise_1920x1280.ppm,6,26,0.3918533659998502
denoise_calendar_final,../noise_1920x1280.ppm,6,27,0.41821288999926765
denoise_calendar_final,../noise_1920x1280.ppm,6,28,0.37404116700054146
denoise_calendar_final,../noise_1920x1280.ppm,6,29,0.3742580980015191
denoise_calendar_final,../noise_1920x1280.ppm,6,30,0.3849711130005744
denoise_calendar_final,../noise_1920x1280.ppm,7,1,0.36400373299875355
denoise_calendar_final,../noise_1920x1280.ppm,7,2,0.36931851699955587
denoise_calendar_final,../noise_1920x1280.ppm,7,3,0.37750683199919877
denoise_calendar_final,../noise_1920x1280.ppm,7,4,0.4002440070016746
denoise_calendar_final,../noise_1920x1280.ppm,7,5,0.36669280999922194
denoise_calendar_final,../noise_1920x1280.ppm,7,6,0.37174238699844864
denoise_calendar_final,../noise_1920x1280.ppm,7,7,0.3681586189995869
denoise_calendar_final,../noise_1920x1280.ppm,7,8,0.3739468760013551
denoise_calendar_final,../noise_1920x1280.ppm,7,9,0.3737357720001455
denoise_calendar_final,../noise_1920x1280.ppm,7,10,0.37284761800037813
denoise_calendar_final,../noise_1920x1280.ppm,7,11,0.37621915899944725
denoise_calendar_final,../noise_1920x1280.ppm,7,12,0.3655499079995934
denoise_calendar_final,../noise_1920x1280.ppm,7,13,0.37046643100075016
denoise_calendar_final,../noise_1920x1280.ppm,7,14,0.36836139600018214
denoise_calendar_final,../noise_1920x1280.ppm,7,15,0.38034926600084873
denoise_calendar_final,../noise_1920x1280.ppm,7,16,0.37009446499905607
denoise_calendar_final,../noise_1920x1280.ppm,7,17,0.3743070960008481
denoise_calendar_final,../noise_1920x1280.ppm,7,18,0.3742804849989625
denoise_calendar_final,../noise_1920x1280.ppm,7,19,0.3973782119992393
denoise_calendar_final,../noise_1920x1280.ppm,7,20,0.36832760300058
denoise_calendar_final,../noise_1920x1280.ppm,7,21,0.37122139100029017
denoise_calendar_final,../noise_1920x1280.ppm,7,22,0.3675382080000418
denoise_calendar_final,../noise_1920x1280.ppm,7,23,0.3681547819996922
denoise_calendar_final,../noise_1920x1280.ppm,7,24,0.3675312049999775
denoise_calendar_final,../noise_1920x1280.ppm,7,25,0.37772289299937256
denoise_calendar_final,../noise_1920x1280.ppm,7,26,0.3745124979996035
denoise_calendar_final,../noise_1920x1280.ppm,7,27,0.3748018759997649
denoise_calendar_final,../noise_1920x1280.ppm,7,28,0.37149105400021654
denoise_calendar_final,../noise_1920x1280.ppm,7,29,0.3767362870003126
denoise_calendar_final,../noise_1920x1280.ppm,7,30,0.37428548900061287
denoise_calendar_final,../noise_1920x1280.ppm,8,1,0.3694885919994704
denoise_calendar_final,../noise_1920x1280.ppm,8,2,0.36533277400121733
denoise_calendar_final,../noise_1920x1280.ppm,8,3,0.3909161329993367
denoise_calendar_final,../noise_1920x1280.ppm,8,4,0.3709013119987503
denoise_calendar_final,../noise_1920x1280.ppm,8,5,0.43110251399957633
denoise_calendar_final,../noise_1920x1280.ppm,8,6,0.39891445499961264
denoise_calendar_final,../noise_1920x1280.ppm,8,7,0.4237568930002453
denoise_calendar_final,../noise_1920x1280.ppm,8,8,0.40749116699953447
denoise_calendar_final,../noise_1920x1280.ppm,8,9,0.44206757500069216
denoise_calendar_final,../noise_1920x1280.ppm,8,10,0.4026439580011356
denoise_calendar_final,../noise_1920x1280.ppm,8,11,0.3946808599994256
denoise_calendar_final,../noise_1920x1280.ppm,8,12,0.3744473160004418
denoise_calendar_final,../noise_1920x1280.ppm,8,13,0.36764899700028764
denoise_calendar_final,../noise_1920x1280.ppm,8,14,0.3601869819995045
denoise_calendar_final,../noise_1920x1280.ppm,8,15,0.39877173400054744
denoise_calendar_final,../noise_1920x1280.ppm,8,16,0.3636252020005486
denoise_calendar_final,../noise_1920x1280.ppm,8,17,0.3696639130012045
denoise_calendar_final,../noise_1920x1280.ppm,8,18,0.38698975699844596
denoise_calendar_final,../noise_1920x1280.ppm,8,19,0.43448319300114235
denoise_calendar_final,../noise_1920x1280.ppm,8,20,0.402095162000478
denoise_calendar_final,../noise_1920x1280.ppm,8,21,0.3916162900004565
denoise_calendar_final,../noise_1920x1280.ppm,8,22,0.3950137289994018
denoise_calendar_final,../noise_1920x1280.ppm,8,23,0.3707109009992564
denoise_calendar_final,../noise_1920x1280.ppm,8,24,0.3770108450007683
denoise_calendar_final,../noise_1920x1280.ppm,8,25,0.370044354998754
denoise_calendar_final,../noise_1920x1280.ppm,8,26,0.386359034000634
denoise_calendar_final,../noise_1920x1280.ppm,8,27,0.3645611359988834
denoise_calendar_final,../noise_1920x1280.ppm,8,28,0.373640185000113
denoise_calendar_final,../noise_1920x1280.ppm,8,29,0.37866288099939993
denoise_calendar_final,../noise_1920x1280.ppm,8,30,0.3777295799991407
denoise_calendar_final,../noise_1920x1280.ppm,9,1,0.36331019600038417
denoise_calendar_final,../noise_1920x1280.ppm,9,2,0.3655335500006913
denoise_calendar_final,../noise_1920x1280.ppm,9,3,0.3817762300004688
denoise_calendar_final,../noise_1920x1280.ppm,9,4,0.38822709299893177
denoise_calendar_final,../noise_1920x1280.ppm,9,5,0.3647166440005094
denoise_calendar_final,../noise_1920x1280.ppm,9,6,0.3702879259999463
denoise_calendar_final,../noise_1920x1280.ppm,9,7,0.36307063399908657
denoise_calendar_final,../noise_1920x1280.ppm,9,8,0.3725388839993684
denoise_calendar_final,../noise_1920x1280.ppm,9,9,0.3677180140002747
denoise_calendar_final,../noise_1920x1280.ppm,9,10,0.3629529059999186
denoise_calendar_final,../noise_1920x1280.ppm,9,11,0.3611206699988543
denoise_calendar_final,../noise_1920x1280.ppm,9,12,0.35770054400018125
denoise_calendar_final,../noise_1920x1280.ppm,9,13,0.3634333070003777
denoise_calendar_final,../noise_1920x1280.ppm,9,14,0.3612757379996765
denoise_calendar_final,../noise_1920x1280.ppm,9,15,0.36717372800012527
denoise_calendar_final,../noise_1920x1280.ppm,9,16,0.36118549200000416
denoise_calendar_final,../noise_1920x1280.ppm,9,17,0.36055841099914687
denoise_calendar_final,../noise_1920x1280.ppm,9,18,0.3871347269996477
denoise_calendar_final,../noise_1920x1280.ppm,9,19,0.36007316799987166
denoise_calendar_final,../noise_1920x1280.ppm,9,20,0.36148577600033605
denoise_calendar_final,../noise_1920x1280.ppm,9,21,0.36256238900023163
denoise_calendar_final,../noise_1920x1280.ppm,9,22,0.3642183430001751
denoise_calendar_final,../noise_1920x1280.ppm,9,23,0.3590084389998083
denoise_calendar_final,../noise_1920x1280.ppm,9,24,0.36026198400031717
denoise_calendar_final,../noise_1920x1280.ppm,9,25,0.3673646129991539
denoise_calendar_final,../noise_1920x1280.ppm,9,26,0.3623007450005389
denoise_calendar_final,../noise_1920x1280.ppm,9,27,0.35663618900071015
denoise_calendar_final,../noise_1920x1280.ppm,9,28,0.35722963999978674
denoise_calendar_final,../noise_1920x1280.ppm,9,29,0.35993466500076465
denoise_calendar_final,../noise_1920x1280.ppm,9,30,0.3699469429993769
denoise_calendar_final,../noise_1920x1280.ppm,10,1,0.3568757379998715
denoise_calendar_final,../noise_1920x1280.ppm,10,2,0.35267358199962473
denoise_calendar_final,../noise_1920x1280.ppm,10,3,0.3501482379997469
denoise_calendar_final,../noise_1920x1280.ppm,10,4,0.38476195999828633
denoise_calendar_final,../noise_1920x1280.ppm,10,5,0.3589390760007518
denoise_calendar_final,../noise_1920x1280.ppm,10,6,0.34742425400145294
denoise_calendar_final,../noise_1920x1280.ppm,10,7,0.3536452240005019
denoise_calendar_final,../noise_1920x1280.ppm,10,8,0.3609522389997437
denoise_calendar_final,../noise_1920x1280.ppm,10,9,0.3501177709986223
denoise_calendar_final,../noise_1920x1280.ppm,10,10,0.38371971500055224
denoise_calendar_final,../noise_1920x1280.ppm,10,11,0.3542384280008264
denoise_calendar_final,../noise_1920x1280.ppm,10,12,0.3497323100000358
denoise_calendar_final,../noise_1920x1280.ppm,10,13,0.3567430080001941
denoise_calendar_final,../noise_1920x1280.ppm,10,14,0.35173506999854
denoise_calendar_final,../noise_1920x1280.ppm,10,15,0.35610587900009705
denoise_calendar_final,../noise_1920x1280.ppm,10,16,0.35912074800035043
denoise_calendar_final,../noise_1920x1280.ppm,10,17,0.3553772350005602
denoise_calendar_final,../noise_1920x1280.ppm,10,18,0.35389312999905087
denoise_calendar_final,../noise_1920x1280.ppm,10,19,0.3491028930002358
denoise_calendar_final,../noise_1920x1280.ppm,10,20,0.37651826399996935
denoise_calendar_final,../noise_1920x1280.ppm,10,21,0.35652244499942753
denoise_calendar_final,../noise_1920x1280.ppm,10,22,0.3627169009996578
denoise_calendar_final,../noise_1920x1280.ppm,10,23,0.3590138769995974
denoise_calendar_final,../noise_1920x1280.ppm,10,24,0.3584355789989786
denoise_calendar_final,../noise_1920x1280.ppm,10,25,0.3510861239992664
denoise_calendar_final,../noise_1920x1280.ppm,10,26,0.3639376210012415
denoise_calendar_final,../noise_1920x1280.ppm,10,27,0.35030356100105564
denoise_calendar_final,../noise_1920x1280.ppm,10,28,0.35398104000159947
denoise_calendar_final,../noise_1920x1280.ppm,10,29,0.3560938789996726
denoise_calendar_final,../noise_1920x1280.ppm,10,30,0.3590337660007208
denoise_calendar_final,../noise_1920x1280.ppm,11,1,0.37011872900075105
denoise_calendar_final,../noise_1920x1280.ppm,11,2,0.3509565320000547
denoise_calendar_final,../noise_1920x1280.ppm,11,3,0.3578566600008344
denoise_calendar_final,../noise_1920x1280.ppm,11,4,0.3683961740007362
denoise_calendar_final,../noise_1920x1280.ppm,11,5,0.34876729600000544
denoise_calendar_final,../noise_1920x1280.ppm,11,6,0.37280936400020437
denoise_calendar_final,../noise_1920x1280.ppm,11,7,0.3457055919989216
denoise_calendar_final,../noise_1920x1280.ppm,11,8,0.34845640399908007
denoise_calendar_final,../noise_1920x1280.ppm,11,9,0.34764653599995654
denoise_calendar_final,../noise_1920x1280.ppm,11,10,0.3509898060001433
denoise_calendar_final,../noise_1920x1280.ppm,11,11,0.3507263109986525
denoise_calendar_final,../noise_1920x1280.ppm,11,12,0.3435014799997589
denoise_calendar_final,../noise_1920x1280.ppm,11,13,0.35252337400015676
denoise_calendar_final,../noise_1920x1280.ppm,11,14,0.34763499399923603
denoise_calendar_final,../noise_1920x1280.ppm,11,15,0.34913744799996493
denoise_calendar_final,../noise_1920x1280.ppm,11,16,0.34783925199917576
denoise_calendar_final,../noise_1920x1280.ppm,11,17,0.3448630779985251
denoise_calendar_final,../noise_1920x1280.ppm,11,18,0.35257283299870323
denoise_calendar_final,../noise_1920x1280.ppm,11,19,0.34996134100038034
denoise_calendar_final,../noise_1920x1280.ppm,11,20,0.3455173870006547
denoise_calendar_final,../noise_1920x1280.ppm,11,21,0.36157047300002887
denoise_calendar_final,../noise_1920x1280.ppm,11,22,0.36818327400033013
denoise_calendar_final,../noise_1920x1280.ppm,11,23,0.34560422399954405
denoise_calendar_final,../noise_1920x1280.ppm,11,24,0.3507152080001106
denoise_calendar_final,../noise_1920x1280.ppm,11,25,0.3441953410001588
denoise_calendar_final,../noise_1920x1280.ppm,11,26,0.3513754970008449
denoise_calendar_final,../noise_1920x1280.ppm,11,27,0.3563570379992598
denoise_calendar_final,../noise_1920x1280.ppm,11,28,0.36483766099991044
denoise_calendar_final,../noise_1920x1280.ppm,11,29,0.3427938510012609
denoise_calendar_final,../noise_1920x1280.ppm,11,30,0.35201004199916497
denoise_calendar_final,../noise_1920x1280.ppm,12,1,0.3479933439994056
denoise_calendar_final,../noise_1920x1280.ppm,12,2,0.3391286299993226
denoise_calendar_final,../noise_1920x1280.ppm,12,3,0.3506242519997613
denoise_calendar_final,../noise_1920x1280.ppm,12,4,0.37368492299901845
denoise_calendar_final,../noise_1920x1280.ppm,12,5,0.3436016830000881
denoise_calendar_final,../noise_1920x1280.ppm,12,6,0.3460956429989892
denoise_calendar_final,../noise_1920x1280.ppm,12,7,0.34335281799940276
denoise_calendar_final,../noise_1920x1280.ppm,12,8,0.3495462230002886
denoise_calendar_final,../noise_1920x1280.ppm,12,9,0.3578254690000904
denoise_calendar_final,../noise_1920x1280.ppm,12,10,0.3969183970002632
denoise_calendar_final,../noise_1920x1280.ppm,12,11,0.3610221119997732
denoise_calendar_final,../noise_1920x1280.ppm,12,12,0.3434928509996098
denoise_calendar_final,../noise_1920x1280.ppm,12,13,0.3450705270006438
denoise_calendar_final,../noise_1920x1280.ppm,12,14,0.3454572989994631
denoise_calendar_final,../noise_1920x1280.ppm,12,15,0.3427829259999271
denoise_calendar_final,../noise_1920x1280.ppm,12,16,0.3439469119985006
denoise_calendar_final,../noise_1920x1280.ppm,12,17,0.3439903560010862
denoise_calendar_final,../noise_1920x1280.ppm,12,18,0.347075538998979
denoise_calendar_final,../noise_1920x1280.ppm,12,19,0.3516100340002595
denoise_calendar_final,../noise_1920x1280.ppm,12,20,0.3778241990003153
denoise_calendar_final,../noise_1920x1280.ppm,12,21,0.34085724000033224
denoise_calendar_final,../noise_1920x1280.ppm,12,22,0.3493261399999028
denoise_calendar_final,../noise_1920x1280.ppm,12,23,0.3523298199997953
denoise_calendar_final,../noise_1920x1280.ppm,12,24,0.34412185399924056
denoise_calendar_final,../noise_1920x1280.ppm,12,25,0.3469888029994763
denoise_calendar_final,../noise_1920x1280.ppm,12,26,0.34235792999970727
denoise_calendar_final,../noise_1920x1280.ppm,12,27,0.3461777879983856
denoise_calendar_final,../noise_1920x1280.ppm,12,28,0.35012421399915183
denoise_calendar_final,../noise_1920x1280.ppm,12,29,0.34734336099973007
denoise_calendar_final,../noise_1920x1280.ppm,12,30,0.34626786099943274
denoise_calendar_final,../noise_1920x1280.ppm,13,1,0.35308808099944144
denoise_calendar_final,../noise_1920x1280.ppm,13,2,0.34309948699956294
denoise_calendar_final,../noise_1920x1280.ppm,13,3,0.358906322000621
denoise_calendar_final,../noise_1920x1280.ppm,13,4,0.3972512460004509
denoise_calendar_final,../noise_1920x1280.ppm,13,5,0.40187363999939407
denoise_calendar_final,../noise_1920x1280.ppm,13,6,0.34775096799967287
denoise_calendar_final,../noise_1920x1280.ppm,13,7,0.3479490950012405
denoise_calendar_final,../noise_1920x1280.ppm,13,8,0.3445111689998157
denoise_calendar_final,../noise_1920x1280.ppm,13,9,0.3430967700005567
denoise_calendar_final,../noise_1920x1280.ppm,13,10,0.3486250959995232
denoise_calendar_final,../noise_1920x1280.ppm,13,11,0.3502800690002914
denoise_calendar_final,../noise_1920x1280.ppm,13,12,0.34738161000132095
denoise_calendar_final,../noise_1920x1280.ppm,13,13,0.3490562240003783
denoise_calendar_final,../noise_1920x1280.ppm,13,14,0.34676903800027503
denoise_calendar_final,../noise_1920x1280.ppm,13,15,0.34435418200155254
denoise_calendar_final,../noise_1920x1280.ppm,13,16,0.34474320000117586
denoise_calendar_final,../noise_1920x1280.ppm,13,17,0.34527803900164145
denoise_calendar_final,../noise_1920x1280.ppm,13,18,0.3730252160003147
denoise_calendar_final,../noise_1920x1280.ppm,13,19,0.34446357600063493
denoise_calendar_final,../noise_1920x1280.ppm,13,20,0.3399203730004956
denoise_calendar_final,../noise_1920x1280.ppm,13,21,0.3476602989994717
denoise_calendar_final,../noise_1920x1280.ppm,13,22,0.34930194899970957
denoise_calendar_final,../noise_1920x1280.ppm,13,23,0.34384132599916484
denoise_calendar_final,../noise_1920x1280.ppm,13,24,0.3475591229998827
denoise_calendar_final,../noise_1920x1280.ppm,13,25,0.34737315399979707
denoise_calendar_final,../noise_1920x1280.ppm,13,26,0.345456187000309
denoise_calendar_final,../noise_1920x1280.ppm,13,27,0.34588753299976815
denoise_calendar_final,../noise_1920x1280.ppm,13,28,0.3425302899995586
denoise_calendar_final,../noise_1920x1280.ppm,13,29,0.347697008999603
denoise_calendar_final,../noise_1920x1280.ppm,13,30,0.34926339800040296
denoise_calendar_final,../noise_1920x1280.ppm,14,1,0.3454679970000143
denoise_calendar_final,../noise_1920x1280.ppm,14,2,0.3456789359988761
denoise_calendar_final,../noise_1920x1280.ppm,14,3,0.355719795999903
denoise_calendar_final,../noise_1920x1280.ppm,14,4,0.3649476890004735
denoise_calendar_final,../noise_1920x1280.ppm,14,5,0.3408477529992524
denoise_calendar_final,../noise_1920x1280.ppm,14,6,0.3813032269990799
denoise_calendar_final,../noise_1920x1280.ppm,14,7,0.396250751999105
denoise_calendar_final,../noise_1920x1280.ppm,14,8,0.3719073489992297
denoise_calendar_final,../noise_1920x1280.ppm,14,9,0.37571483600004285
denoise_calendar_final,../noise_1920x1280.ppm,14,10,0.37714501400114386
denoise_calendar_final,../noise_1920x1280.ppm,14,11,0.39101113400101895
denoise_calendar_final,../noise_1920x1280.ppm,14,12,0.34369576899916865
denoise_calendar_final,../noise_1920x1280.ppm,14,13,0.3483811610003613
denoise_calendar_final,../noise_1920x1280.ppm,14,14,0.34439876999931585
denoise_calendar_final,../noise_1920x1280.ppm,14,15,0.35200089499994647
denoise_calendar_final,../noise_1920x1280.ppm,14,16,0.3510285920001479
denoise_calendar_final,../noise_1920x1280.ppm,14,17,0.3484426450013416
denoise_calendar_final,../noise_1920x1280.ppm,14,18,0.34288050000031944
denoise_calendar_final,../noise_1920x1280.ppm,14,19,0.38941015400087053
denoise_calendar_final,../noise_1920x1280.ppm,14,20,0.3796889819986973
denoise_calendar_final,../noise_1920x1280.ppm,14,21,0.40990756700011843
denoise_calendar_final,../noise_1920x1280.ppm,14,22,0.3696081430007325
denoise_calendar_final,../noise_1920x1280.ppm,14,23,0.3840226240008633
denoise_calendar_final,../noise_1920x1280.ppm,14,24,0.3452702769991447
denoise_calendar_final,../noise_1920x1280.ppm,14,25,0.3692836649988749
denoise_calendar_final,../noise_1920x1280.ppm,14,26,0.35712086399871623
denoise_calendar_final,../noise_1920x1280.ppm,14,27,0.351650882001195
denoise_calendar_final,../noise_1920x1280.ppm,14,28,0.35393796099924657
denoise_calendar_final,../noise_1920x1280.ppm,14,29,0.34360008200019365
denoise_calendar_final,../noise_1920x1280.ppm,14,30,0.3455087469992577
denoise_calendar_final,../noise_1920x1280.ppm,15,1,0.3489361559986719
denoise_calendar_final,../noise_1920x1280.ppm,15,2,0.3450793279989739
denoise_calendar_final,../noise_1920x1280.ppm,15,3,0.34627194099994085
denoise_calendar_final,../noise_1920x1280.ppm,15,4,0.3804359440000553
denoise_calendar_final,../noise_1920x1280.ppm,15,5,0.3458936189999804
denoise_calendar_final,../noise_1920x1280.ppm,15,6,0.34490742100024363
denoise_calendar_final,../noise_1920x1280.ppm,15,7,0.3587640209989331
denoise_calendar_final,../noise_1920x1280.ppm,15,8,0.3563850109985651
denoise_calendar_final,../noise_1920x1280.ppm,15,9,0.34954022800047824
denoise_calendar_final,../noise_1920x1280.ppm,15,10,0.34526408900092065
denoise_calendar_final,../noise_1920x1280.ppm,15,11,0.3435044790003303
denoise_calendar_final,../noise_1920x1280.ppm,15,12,0.348063966999689
denoise_calendar_final,../noise_1920x1280.ppm,15,13,0.3453177939991292
denoise_calendar_final,../noise_1920x1280.ppm,15,14,0.3468752240005415
denoise_calendar_final,../noise_1920x1280.ppm,15,15,0.34378044699951715
denoise_calendar_final,../noise_1920x1280.ppm,15,16,0.34258733599926927
denoise_calendar_final,../noise_1920x1280.ppm,15,17,0.34850865000043996
denoise_calendar_final,../noise_1920x1280.ppm,15,18,0.34382021600140433
denoise_calendar_final,../noise_1920x1280.ppm,15,19,0.37274293799964653
denoise_calendar_final,../noise_1920x1280.ppm,15,20,0.3475355390000914
denoise_calendar_final,../noise_1920x1280.ppm,15,21,0.34297377199982293
denoise_calendar_final,../noise_1920x1280.ppm,15,22,0.35209110799951304
denoise_calendar_final,../noise_1920x1280.ppm,15,23,0.3455265820011846
denoise_calendar_final,../noise_1920x1280.ppm,15,24,0.34550065499934135
denoise_calendar_final,../noise_1920x1280.ppm,15,25,0.3431381659993349
denoise_calendar_final,../noise_1920x1280.ppm,15,26,0.34861427400028333
denoise_calendar_final,../noise_1920x1280.ppm,15,27,0.34371484899929783
denoise_calendar_final,../noise_1920x1280.ppm,15,28,0.3457411929994123
denoise_calendar_final,../noise_1920x1280.ppm,15,29,0.34350067699961073
denoise_calendar_final,../noise_1920x1280.ppm,15,30,0.34536486599972704
denoise_calendar_final,../noise_1920x1280.ppm,16,1,0.3418621359996905
denoise_calendar_final,../noise_1920x1280.ppm,16,2,0.34468911499971
denoise_calendar_final,../noise_1920x1280.ppm,16,3,0.3469860709992645
denoise_calendar_final,../noise_1920x1280.ppm,16,4,0.3739637729995593
denoise_calendar_final,../noise_1920x1280.ppm,16,5,0.34612995799943747
denoise_calendar_final,../noise_1920x1280.ppm,16,6,0.3504890650001471
denoise_calendar_final,../noise_1920x1280.ppm,16,7,0.34240776400110917
denoise_calendar_final,../noise_1920x1280.ppm,16,8,0.3455752450008731
denoise_calendar_final,../noise_1920x1280.ppm,16,9,0.3423924579983577
denoise_calendar_final,../noise_1920x1280.ppm,16,10,0.3497350970010302
denoise_calendar_final,../noise_1920x1280.ppm,16,11,0.34983245299918053
denoise_calendar_final,../noise_1920x1280.ppm,16,12,0.34414171400021587
denoise_calendar_final,../noise_1920x1280.ppm,16,13,0.35249202399973
denoise_calendar_final,../noise_1920x1280.ppm,16,14,0.3439649739993911
denoise_calendar_final,../noise_1920x1280.ppm,16,15,0.34661584600144124
denoise_calendar_final,../noise_1920x1280.ppm,16,16,0.346581554000295
denoise_calendar_final,../noise_1920x1280.ppm,16,17,0.3460385109992785
denoise_calendar_final,../noise_1920x1280.ppm,16,18,0.3503431559984165
denoise_calendar_final,../noise_1920x1280.ppm,16,19,0.37427132700031507
denoise_calendar_final,../noise_1920x1280.ppm,16,20,0.34627056299905234
denoise_calendar_final,../noise_1920x1280.ppm,16,21,0.34402676799982146
denoise_calendar_final,../noise_1920x1280.ppm,16,22,0.3442516960003559
denoise_calendar_final,../noise_1920x1280.ppm,16,23,0.3418105689997901
denoise_calendar_final,../noise_1920x1280.ppm,16,24,0.3454336979993968
denoise_calendar_final,../noise_1920x1280.ppm,16,25,0.3528007550012262
denoise_calendar_final,../noise_1920x1280.ppm,16,26,0.3462657620002574
denoise_calendar_final,../noise_1920x1280.ppm,16,27,0.34836443299900566
denoise_calendar_final,../noise_1920x1280.ppm,16,28,0.347344472000259
denoise_calendar_final,../noise_1920x1280.ppm,16,29,0.34737615100129915
denoise_calendar_final,../noise_1920x1280.ppm,16,30,0.34447819199886
denoise_calendar_final,../noise_1280x853.ppm,1,1,0.7719080060014676
denoise_calendar_final,../noise_1280x853.ppm,1,2,0.7833898499993666
denoise_calendar_final,../noise_1280x853.ppm,1,3,0.7655750989997614
denoise_calendar_final,../noise_1280x853.ppm,1,4,0.7684981649999827
denoise_calendar_final,../noise_1280x853.ppm,1,5,0.7715942560007534
denoise_calendar_final,../noise_1280x853.ppm,1,6,0.7712229400003707
denoise_calendar_final,../noise_1280x853.ppm,1,7,0.7757136539985368
denoise_calendar_final,../noise_1280x853.ppm,1,8,0.7695181830004003
denoise_calendar_final,../noise_1280x853.ppm,1,9,0.7627864690002752
denoise_calendar_final,../noise_1280x853.ppm,1,10,0.7643904220003606
denoise_calendar_final,../noise_1280x853.ppm,1,11,0.7631399059991963
denoise_calendar_final,../noise_1280x853.ppm,1,12,0.7653894890008814
denoise_calendar_final,../noise_1280x853.ppm,1,13,0.7679387389998737
denoise_calendar_final,../noise_1280x853.ppm,1,14,0.7657509030013898
denoise_calendar_final,../noise_1280x853.ppm,1,15,0.7735764850003761
denoise_calendar_final,../noise_1280x853.ppm,1,16,0.774078747999738
denoise_calendar_final,../noise_1280x853.ppm,1,17,0.7690791139993962
denoise_calendar_final,../noise_1280x853.ppm,1,18,0.7690041180012486
denoise_calendar_final,../noise_1280x853.ppm,1,19,0.7829244379990996
denoise_calendar_final,../noise_1280x853.ppm,1,20,0.7651884329989116
denoise_calendar_final,../noise_1280x853.ppm,1,21,0.7681935829987196
denoise_calendar_final,../noise_1280x853.ppm,1,22,0.7669621049990383
denoise_calendar_final,../noise_1280x853.ppm,1,23,0.7667515610010014
denoise_calendar_final,../noise_1280x853.ppm,1,24,0.766942296999332
denoise_calendar_final,../noise_1280x853.ppm,1,25,0.7665612529999635
denoise_calendar_final,../noise_1280x853.ppm,1,26,0.7640368020001915
denoise_calendar_final,../noise_1280x853.ppm,1,27,0.7693108759995084
denoise_calendar_final,../noise_1280x853.ppm,1,28,0.7613310420001653
denoise_calendar_final,../noise_1280x853.ppm,1,29,0.7615401519997249
denoise_calendar_final,../noise_1280x853.ppm,1,30,0.7610327209986281
denoise_calendar_final,../noise_1280x853.ppm,2,1,0.41187638999872433
denoise_calendar_final,../noise_1280x853.ppm,2,2,0.4149320020005689
denoise_calendar_final,../noise_1280x853.ppm,2,3,0.44511801400039985
denoise_calendar_final,../noise_1280x853.ppm,2,4,0.4311580869998579
denoise_calendar_final,../noise_1280x853.ppm,2,5,0.4242346520004503
denoise_calendar_final,../noise_1280x853.ppm,2,6,0.4108020399999077
denoise_calendar_final,../noise_1280x853.ppm,2,7,0.4086511090008571
denoise_calendar_final,../noise_1280x853.ppm,2,8,0.41014744600033737
denoise_calendar_final,../noise_1280x853.ppm,2,9,0.40978991399970255
denoise_calendar_final,../noise_1280x853.ppm,2,10,0.4104329879992292
denoise_calendar_final,../noise_1280x853.ppm,2,11,0.41093282399924647
denoise_calendar_final,../noise_1280x853.ppm,2,12,0.4156415370016475
denoise_calendar_final,../noise_1280x853.ppm,2,13,0.4162418929990963
denoise_calendar_final,../noise_1280x853.ppm,2,14,0.41781224999976985
denoise_calendar_final,../noise_1280x853.ppm,2,15,0.420359470999756
denoise_calendar_final,../noise_1280x853.ppm,2,16,0.4142475620010373
denoise_calendar_final,../noise_1280x853.ppm,2,17,0.4137766929998179
denoise_calendar_final,../noise_1280x853.ppm,2,18,0.41431156500038924
denoise_calendar_final,../noise_1280x853.ppm,2,19,0.4086449360002007
denoise_calendar_final,../noise_1280x853.ppm,2,20,0.42176415200083284
denoise_calendar_final,../noise_1280x853.ppm,2,21,0.41049271900010353
denoise_calendar_final,../noise_1280x853.ppm,2,22,0.4174904540013813
denoise_calendar_final,../noise_1280x853.ppm,2,23,0.43908951500088733
denoise_calendar_final,../noise_1280x853.ppm,2,24,0.4107383070004289
denoise_calendar_final,../noise_1280x853.ppm,2,25,0.4147345540004608
denoise_calendar_final,../noise_1280x853.ppm,2,26,0.41743707100067695
denoise_calendar_final,../noise_1280x853.ppm,2,27,0.41583994400025404
denoise_calendar_final,../noise_1280x853.ppm,2,28,0.41998651799985964
denoise_calendar_final,../noise_1280x853.ppm,2,29,0.42025029599972186
denoise_calendar_final,../noise_1280x853.ppm,2,30,0.4338876130004792
denoise_calendar_final,../noise_1280x853.ppm,3,1,0.29440948699993896
denoise_calendar_final,../noise_1280x853.ppm,3,2,0.28753921299903595
denoise_calendar_final,../noise_1280x853.ppm,3,3,0.28571698299856507
denoise_calendar_final,../noise_1280x853.ppm,3,4,0.3074221330007276
denoise_calendar_final,../noise_1280x853.ppm,3,5,0.28824960599922633
denoise_calendar_final,../noise_1280x853.ppm,3,6,0.28609614000015426
denoise_calendar_final,../noise_1280x853.ppm,3,7,0.2861865229988325
denoise_calendar_final,../noise_1280x853.ppm,3,8,0.287247517000651
denoise_calendar_final,../noise_1280x853.ppm,3,9,0.2904868240002543
denoise_calendar_final,../noise_1280x853.ppm,3,10,0.2894422339995799
denoise_calendar_final,../noise_1280x853.ppm,3,11,0.29518578999886813
denoise_calendar_final,../noise_1280x853.ppm,3,12,0.2874871220010391
denoise_calendar_final,../noise_1280x853.ppm,3,13,0.30165938599930087
denoise_calendar_final,../noise_1280x853.ppm,3,14,0.2904641660006746
denoise_calendar_final,../noise_1280x853.ppm,3,15,0.2941915360006533
denoise_calendar_final,../noise_1280x853.ppm,3,16,0.29023648600013985
denoise_calendar_final,../noise_1280x853.ppm,3,17,0.2888271669999085
denoise_calendar_final,../noise_1280x853.ppm,3,18,0.28630201799933275
denoise_calendar_final,../noise_1280x853.ppm,3,19,0.29135742499966
denoise_calendar_final,../noise_1280x853.ppm,3,20,0.2887360759996227
denoise_calendar_final,../noise_1280x853.ppm,3,21,0.2882395400010864
denoise_calendar_final,../noise_1280x853.ppm,3,22,0.2881055870002456
denoise_calendar_final,../noise_1280x853.ppm,3,23,0.2916603899993788
denoise_calendar_final,../noise_1280x853.ppm,3,24,0.2913184170010936
denoise_calendar_final,../noise_1280x853.ppm,3,25,0.29218734899950505
denoise_calendar_final,../noise_1280x853.ppm,3,26,0.29226831100095296
denoise_calendar_final,../noise_1280x853.ppm,3,27,0.289553344999149
denoise_calendar_final,../noise_1280x853.ppm,3,28,0.2892050989994459
denoise_calendar_final,../noise_1280x853.ppm,3,29,0.2867489009986457
denoise_calendar_final,../noise_1280x853.ppm,3,30,0.28763153799991414
denoise_calendar_final,../noise_1280x853.ppm,4,1,0.22751347499979602
denoise_calendar_final,../noise_1280x853.ppm,4,2,0.22404933300094854
denoise_calendar_final,../noise_1280x853.ppm,4,3,0.2199059380000108
denoise_calendar_final,../noise_1280x853.ppm,4,4,0.2224634390004212
denoise_calendar_final,../noise_1280x853.ppm,4,5,0.22598738399938156
denoise_calendar_final,../noise_1280x853.ppm,4,6,0.24565071999859356
denoise_calendar_final,../noise_1280x853.ppm,4,7,0.22594179800034908
denoise_calendar_final,../noise_1280x853.ppm,4,8,0.22337625399995886
denoise_calendar_final,../noise_1280x853.ppm,4,9,0.22854372300025716
denoise_calendar_final,../noise_1280x853.ppm,4,10,0.22353716999896278
denoise_calendar_final,../noise_1280x853.ppm,4,11,0.22217402599926572
denoise_calendar_final,../noise_1280x853.ppm,4,12,0.2206817879996379
denoise_calendar_final,../noise_1280x853.ppm,4,13,0.22102194899889582
denoise_calendar_final,../noise_1280x853.ppm,4,14,0.22663991099943814
denoise_calendar_final,../noise_1280x853.ppm,4,15,0.22893227999884402
denoise_calendar_final,../noise_1280x853.ppm,4,16,0.2227766550004162
denoise_calendar_final,../noise_1280x853.ppm,4,17,0.22659803200076567
denoise_calendar_final,../noise_1280x853.ppm,4,18,0.2230885449989728
denoise_calendar_final,../noise_1280x853.ppm,4,19,0.2260847850011487
denoise_calendar_final,../noise_1280x853.ppm,4,20,0.224055402999511
denoise_calendar_final,../noise_1280x853.ppm,4,21,0.22414198600017698
denoise_calendar_final,../noise_1280x853.ppm,4,22,0.23471176699968055
denoise_calendar_final,../noise_1280x853.ppm,4,23,0.23411503299939795
denoise_calendar_final,../noise_1280x853.ppm,4,24,0.2251828629996453
denoise_calendar_final,../noise_1280x853.ppm,4,25,0.22277845300050103
denoise_calendar_final,../noise_1280x853.ppm,4,26,0.22347303400056262
denoise_calendar_final,../noise_1280x853.ppm,4,27,0.2520294459991419
denoise_calendar_final,../noise_1280x853.ppm,4,28,0.2236051359996054
denoise_calendar_final,../noise_1280x853.ppm,4,29,0.2253060880011617
denoise_calendar_final,../noise_1280x853.ppm,4,30,0.22547549800037814
denoise_calendar_final,../noise_1280x853.ppm,5,1,0.19262467699991248
denoise_calendar_final,../noise_1280x853.ppm,5,2,0.1915597669994895
denoise_calendar_final,../noise_1280x853.ppm,5,3,0.22188728299988725
denoise_calendar_final,../noise_1280x853.ppm,5,4,0.1923526850005146
denoise_calendar_final,../noise_1280x853.ppm,5,5,0.19037423800000397
denoise_calendar_final,../noise_1280x853.ppm,5,6,0.2131291030000284
denoise_calendar_final,../noise_1280x853.ppm,5,7,0.19683772699863766
denoise_calendar_final,../noise_1280x853.ppm,5,8,0.19268184799875598
denoise_calendar_final,../noise_1280x853.ppm,5,9,0.19588183099949674
denoise_calendar_final,../noise_1280x853.ppm,5,10,0.19046523100041668
denoise_calendar_final,../noise_1280x853.ppm,5,11,0.19537481400038814
denoise_calendar_final,../noise_1280x853.ppm,5,12,0.19760853399930056
denoise_calendar_final,../noise_1280x853.ppm,5,13,0.1925462230010453
denoise_calendar_final,../noise_1280x853.ppm,5,14,0.19725649999963935
denoise_calendar_final,../noise_1280x853.ppm,5,15,0.20591724600126327
denoise_calendar_final,../noise_1280x853.ppm,5,16,0.19323164799970982
denoise_calendar_final,../noise_1280x853.ppm,5,17,0.19463827599975048
denoise_calendar_final,../noise_1280x853.ppm,5,18,0.19623272700118832
denoise_calendar_final,../noise_1280x853.ppm,5,19,0.1920493069992517
denoise_calendar_final,../noise_1280x853.ppm,5,20,0.19366995700147527
denoise_calendar_final,../noise_1280x853.ppm,5,21,0.1924652719990263
denoise_calendar_final,../noise_1280x853.ppm,5,22,0.19199949399990146
denoise_calendar_final,../noise_1280x853.ppm,5,23,0.19138323100014532
denoise_calendar_final,../noise_1280x853.ppm,5,24,0.19470962299965322
denoise_calendar_final,../noise_1280x853.ppm,5,25,0.19026834500073164
denoise_calendar_final,../noise_1280x853.ppm,5,26,0.1926763330011454
denoise_calendar_final,../noise_1280x853.ppm,5,27,0.20081070700143755
denoise_calendar_final,../noise_1280x853.ppm,5,28,0.19562587499967776
denoise_calendar_final,../noise_1280x853.ppm,5,29,0.1914568109987158
denoise_calendar_final,../noise_1280x853.ppm,5,30,0.19269429800078797
denoise_calendar_final,../noise_1280x853.ppm,6,1,0.16560326299986627
denoise_calendar_final,../noise_1280x853.ppm,6,2,0.16567297599976882
denoise_calendar_final,../noise_1280x853.ppm,6,3,0.16896248900047794
denoise_calendar_final,../noise_1280x853.ppm,6,4,0.1653903429996717
denoise_calendar_final,../noise_1280x853.ppm,6,5,0.16586284500044712
denoise_calendar_final,../noise_1280x853.ppm,6,6,0.16988918900096905
denoise_calendar_final,../noise_1280x853.ppm,6,7,0.24069982500077458
denoise_calendar_final,../noise_1280x853.ppm,6,8,0.18996733100175334
denoise_calendar_final,../noise_1280x853.ppm,6,9,0.16382665099990845
denoise_calendar_final,../noise_1280x853.ppm,6,10,0.164007572000628
denoise_calendar_final,../noise_1280x853.ppm,6,11,0.16491671999938262
denoise_calendar_final,../noise_1280x853.ppm,6,12,0.16394993299945781
denoise_calendar_final,../noise_1280x853.ppm,6,13,0.16489239299880865
denoise_calendar_final,../noise_1280x853.ppm,6,14,0.16548940199936624
denoise_calendar_final,../noise_1280x853.ppm,6,15,0.16527633999976388
denoise_calendar_final,../noise_1280x853.ppm,6,16,0.16748658399956184
denoise_calendar_final,../noise_1280x853.ppm,6,17,0.16385948400056805
denoise_calendar_final,../noise_1280x853.ppm,6,18,0.1640373800000816
denoise_calendar_final,../noise_1280x853.ppm,6,19,0.1642100160006521
denoise_calendar_final,../noise_1280x853.ppm,6,20,0.16500995800015517
denoise_calendar_final,../noise_1280x853.ppm,6,21,0.16604211800040503
denoise_calendar_final,../noise_1280x853.ppm,6,22,0.16605975200036482
denoise_calendar_final,../noise_1280x853.ppm,6,23,0.16332695900018734
denoise_calendar_final,../noise_1280x853.ppm,6,24,0.16563468800086412
denoise_calendar_final,../noise_1280x853.ppm,6,25,0.16441322099854006
denoise_calendar_final,../noise_1280x853.ppm,6,26,0.16468298200015852
denoise_calendar_final,../noise_1280x853.ppm,6,27,0.1691040219993738
denoise_calendar_final,../noise_1280x853.ppm,6,28,0.1735573829992063
denoise_calendar_final,../noise_1280x853.ppm,6,29,0.16554380799971113
denoise_calendar_final,../noise_1280x853.ppm,6,30,0.16548396500002127
denoise_calendar_final,../noise_1280x853.ppm,7,1,0.1655475949992251
denoise_calendar_final,../noise_1280x853.ppm,7,2,0.16677140799947665
denoise_calendar_final,../noise_1280x853.ppm,7,3,0.16075045700017654
denoise_calendar_final,../noise_1280x853.ppm,7,4,0.16565236499991443
denoise_calendar_final,../noise_1280x853.ppm,7,5,0.16194346900010714
denoise_calendar_final,../noise_1280x853.ppm,7,6,0.1619421270006569
denoise_calendar_final,../noise_1280x853.ppm,7,7,0.1911887639998895
denoise_calendar_final,../noise_1280x853.ppm,7,8,0.1625978270003543
denoise_calendar_final,../noise_1280x853.ppm,7,9,0.16215755499979423
denoise_calendar_final,../noise_1280x853.ppm,7,10,0.16547209600139468
denoise_calendar_final,../noise_1280x853.ppm,7,11,0.16809565000039584
denoise_calendar_final,../noise_1280x853.ppm,7,12,0.1842001370005164
denoise_calendar_final,../noise_1280x853.ppm,7,13,0.16696329200021864
denoise_calendar_final,../noise_1280x853.ppm,7,14,0.16269243699935032
denoise_calendar_final,../noise_1280x853.ppm,7,15,0.16258892200130504
denoise_calendar_final,../noise_1280x853.ppm,7,16,0.1652755849991081
denoise_calendar_final,../noise_1280x853.ppm,7,17,0.1638050480014499
denoise_calendar_final,../noise_1280x853.ppm,7,18,0.16124905000106082
denoise_calendar_final,../noise_1280x853.ppm,7,19,0.16270567100036715
denoise_calendar_final,../noise_1280x853.ppm,7,20,0.16433373800100526
denoise_calendar_final,../noise_1280x853.ppm,7,21,0.163247427000897
denoise_calendar_final,../noise_1280x853.ppm,7,22,0.16354551000040374
denoise_calendar_final,../noise_1280x853.ppm,7,23,0.16221363299882796
denoise_calendar_final,../noise_1280x853.ppm,7,24,0.17024056399895926
denoise_calendar_final,../noise_1280x853.ppm,7,25,0.1628870549993735
denoise_calendar_final,../noise_1280x853.ppm,7,26,0.16473054800007958
denoise_calendar_final,../noise_1280x853.ppm,7,27,0.164562620999277
denoise_calendar_final,../noise_1280x853.ppm,7,28,0.1626733940011036
denoise_calendar_final,../noise_1280x853.ppm,7,29,0.1627123969992681
denoise_calendar_final,../noise_1280x853.ppm,7,30,0.16756465199978265
denoise_calendar_final,../noise_1280x853.ppm,8,1,0.16505198600134463
denoise_calendar_final,../noise_1280x853.ppm,8,2,0.16626038899994455
denoise_calendar_final,../noise_1280x853.ppm,8,3,0.1597256170007313
denoise_calendar_final,../noise_1280x853.ppm,8,4,0.16332297199915047
denoise_calendar_final,../noise_1280x853.ppm,8,5,0.16865512199910881
denoise_calendar_final,../noise_1280x853.ppm,8,6,0.16582566800025234
denoise_calendar_final,../noise_1280x853.ppm,8,7,0.19276480999906198
denoise_calendar_final,../noise_1280x853.ppm,8,8,0.15900476700153376
denoise_calendar_final,../noise_1280x853.ppm,8,9,0.16457654099940555
denoise_calendar_final,../noise_1280x853.ppm,8,10,0.1627905280001869
denoise_calendar_final,../noise_1280x853.ppm,8,11,0.17825690999961807
denoise_calendar_final,../noise_1280x853.ppm,8,12,0.17243383100139908
denoise_calendar_final,../noise_1280x853.ppm,8,13,0.17653180100023746
denoise_calendar_final,../noise_1280x853.ppm,8,14,0.1623330949987576
denoise_calendar_final,../noise_1280x853.ppm,8,15,0.16686359100094705
denoise_calendar_final,../noise_1280x853.ppm,8,16,0.16055842300011136
denoise_calendar_final,../noise_1280x853.ppm,8,17,0.16819138000028033
denoise_calendar_final,../noise_1280x853.ppm,8,18,0.16743909799879475
denoise_calendar_final,../noise_1280x853.ppm,8,19,0.1651017439999123
denoise_calendar_final,../noise_1280x853.ppm,8,20,0.16385236499991152
denoise_calendar_final,../noise_1280x853.ppm,8,21,0.17391397899882577
denoise_calendar_final,../noise_1280x853.ppm,8,22,0.17177067199918383
denoise_calendar_final,../noise_1280x853.ppm,8,23,0.16716422100034833
denoise_calendar_final,../noise_1280x853.ppm,8,24,0.16115136400003394
denoise_calendar_final,../noise_1280x853.ppm,8,25,0.1662813430011738
denoise_calendar_final,../noise_1280x853.ppm,8,26,0.1632320749995415
denoise_calendar_final,../noise_1280x853.ppm,8,27,0.19271606300026178
denoise_calendar_final,../noise_1280x853.ppm,8,28,0.19428880399937043
denoise_calendar_final,../noise_1280x853.ppm,8,29,0.16683377800109156
denoise_calendar_final,../noise_1280x853.ppm,8,30,0.16156042799957504
denoise_calendar_final,../noise_1280x853.ppm,9,1,0.16240575399933732
denoise_calendar_final,../noise_1280x853.ppm,9,2,0.15744485600043845
denoise_calendar_final,../noise_1280x853.ppm,9,3,0.16250526400108356
denoise_calendar_final,../noise_1280x853.ppm,9,4,0.1562936720001744
denoise_calendar_final,../noise_1280x853.ppm,9,5,0.15981149599974742
denoise_calendar_final,../noise_1280x853.ppm,9,6,0.16627947199958726
denoise_calendar_final,../noise_1280x853.ppm,9,7,0.16264308400059235
denoise_calendar_final,../noise_1280x853.ppm,9,8,0.18356117400071525
denoise_calendar_final,../noise_1280x853.ppm,9,9,0.16080083599990758
denoise_calendar_final,../noise_1280x853.ppm,9,10,0.1626874499997939
denoise_calendar_final,../noise_1280x853.ppm,9,11,0.15995769400069548
denoise_calendar_final,../noise_1280x853.ppm,9,12,0.16001947000040673
denoise_calendar_final,../noise_1280x853.ppm,9,13,0.1599882209993666
denoise_calendar_final,../noise_1280x853.ppm,9,14,0.1573095719995763
denoise_calendar_final,../noise_1280x853.ppm,9,15,0.16663946500011662
denoise_calendar_final,../noise_1280x853.ppm,9,16,0.17012744299972837
denoise_calendar_final,../noise_1280x853.ppm,9,17,0.15667614599988156
denoise_calendar_final,../noise_1280x853.ppm,9,18,0.15998809300072026
denoise_calendar_final,../noise_1280x853.ppm,9,19,0.1615330709992122
denoise_calendar_final,../noise_1280x853.ppm,9,20,0.16029486200022802
denoise_calendar_final,../noise_1280x853.ppm,9,21,0.16143625899894687
denoise_calendar_final,../noise_1280x853.ppm,9,22,0.15994966099970043
denoise_calendar_final,../noise_1280x853.ppm,9,23,0.16196903499985638
denoise_calendar_final,../noise_1280x853.ppm,9,24,0.16159521900044638
denoise_calendar_final,../noise_1280x853.ppm,9,25,0.15796654500081786
denoise_calendar_final,../noise_1280x853.ppm,9,26,0.1604079869994166
denoise_calendar_final,../noise_1280x853.ppm,9,27,0.15841901199928543
denoise_calendar_final,../noise_1280x853.ppm,9,28,0.16206825399967784
denoise_calendar_final,../noise_1280x853.ppm,9,29,0.16339095299917972
denoise_calendar_final,../noise_1280x853.ppm,9,30,0.1646827820004546
denoise_calendar_final,../noise_1280x853.ppm,10,1,0.16639154000040435
denoise_calendar_final,../noise_1280x853.ppm,10,2,0.15795201900073153
denoise_calendar_final,../noise_1280x853.ppm,10,3,0.15664033299981384
denoise_calendar_final,../noise_1280x853.ppm,10,4,0.1573329509992618
denoise_calendar_final,../noise_1280x853.ppm,10,5,0.15788786000121036
denoise_calendar_final,../noise_1280x853.ppm,10,6,0.16552999400119006
denoise_calendar_final,../noise_1280x853.ppm,10,7,0.17955021600027976
denoise_calendar_final,../noise_1280x853.ppm,10,8,0.18147257700002228
denoise_calendar_final,../noise_1280x853.ppm,10,9,0.15912596000089252
denoise_calendar_final,../noise_1280x853.ppm,10,10,0.16458318700097152
denoise_calendar_final,../noise_1280x853.ppm,10,11,0.15804244199898676
denoise_calendar_final,../noise_1280x853.ppm,10,12,0.16432004899979802
denoise_calendar_final,../noise_1280x853.ppm,10,13,0.16062554199925216
denoise_calendar_final,../noise_1280x853.ppm,10,14,0.164923059001012
denoise_calendar_final,../noise_1280x853.ppm,10,15,0.1628773859993089
denoise_calendar_final,../noise_1280x853.ppm,10,16,0.16335595999953512
denoise_calendar_final,../noise_1280x853.ppm,10,17,0.1574385540006915
denoise_calendar_final,../noise_1280x853.ppm,10,18,0.15754562500114844
denoise_calendar_final,../noise_1280x853.ppm,10,19,0.1546137670011376
denoise_calendar_final,../noise_1280x853.ppm,10,20,0.15821453900025517
denoise_calendar_final,../noise_1280x853.ppm,10,21,0.15894706400104042
denoise_calendar_final,../noise_1280x853.ppm,10,22,0.15781032700033393
denoise_calendar_final,../noise_1280x853.ppm,10,23,0.1583871260008891
denoise_calendar_final,../noise_1280x853.ppm,10,24,0.1636047010015318
denoise_calendar_final,../noise_1280x853.ppm,10,25,0.16272344699973473
denoise_calendar_final,../noise_1280x853.ppm,10,26,0.16354409699852113
denoise_calendar_final,../noise_1280x853.ppm,10,27,0.16059591900011583
denoise_calendar_final,../noise_1280x853.ppm,10,28,0.1570056279997516
denoise_calendar_final,../noise_1280x853.ppm,10,29,0.16198388100019656
denoise_calendar_final,../noise_1280x853.ppm,10,30,0.1559667960009392
denoise_calendar_final,../noise_1280x853.ppm,11,1,0.15542154600007052
denoise_calendar_final,../noise_1280x853.ppm,11,2,0.15437323599871888
denoise_calendar_final,../noise_1280x853.ppm,11,3,0.1624310660008632
denoise_calendar_final,../noise_1280x853.ppm,11,4,0.15624440200008394
denoise_calendar_final,../noise_1280x853.ppm,11,5,0.15692142999978387
denoise_calendar_final,../noise_1280x853.ppm,11,6,0.16365764399961336
denoise_calendar_final,../noise_1280x853.ppm,11,7,0.17096698000023025
denoise_calendar_final,../noise_1280x853.ppm,11,8,0.18409035800141282
denoise_calendar_final,../noise_1280x853.ppm,11,9,0.15477201000066998
denoise_calendar_final,../noise_1280x853.ppm,11,10,0.15748851300122624
denoise_calendar_final,../noise_1280x853.ppm,11,11,0.16072797199922206
denoise_calendar_final,../noise_1280x853.ppm,11,12,0.15108496700122487
denoise_calendar_final,../noise_1280x853.ppm,11,13,0.1542842099988775
denoise_calendar_final,../noise_1280x853.ppm,11,14,0.15644939999947383
denoise_calendar_final,../noise_1280x853.ppm,11,15,0.15768686800038267
denoise_calendar_final,../noise_1280x853.ppm,11,16,0.1569070660007128
denoise_calendar_final,../noise_1280x853.ppm,11,17,0.158949233000385
denoise_calendar_final,../noise_1280x853.ppm,11,18,0.15416393399937078
denoise_calendar_final,../noise_1280x853.ppm,11,19,0.1612520630005747
denoise_calendar_final,../noise_1280x853.ppm,11,20,0.15927019899936568
denoise_calendar_final,../noise_1280x853.ppm,11,21,0.15634510400013824
denoise_calendar_final,../noise_1280x853.ppm,11,22,0.156553688000713
denoise_calendar_final,../noise_1280x853.ppm,11,23,0.1550608799989277
denoise_calendar_final,../noise_1280x853.ppm,11,24,0.15659592900010466
denoise_calendar_final,../noise_1280x853.ppm,11,25,0.1569825700007641
denoise_calendar_final,../noise_1280x853.ppm,11,26,0.15486118199987686
denoise_calendar_final,../noise_1280x853.ppm,11,27,0.15326212299987674
denoise_calendar_final,../noise_1280x853.ppm,11,28,0.15874027000063506
denoise_calendar_final,../noise_1280x853.ppm,11,29,0.15643367399934505
denoise_calendar_final,../noise_1280x853.ppm,11,30,0.15797884299900034
denoise_calendar_final,../noise_1280x853.ppm,12,1,0.15606849399955536
denoise_calendar_final,../noise_1280x853.ppm,12,2,0.15430404100152373
denoise_calendar_final,../noise_1280x853.ppm,12,3,0.15129630000046745
denoise_calendar_final,../noise_1280x853.ppm,12,4,0.15808868000021903
denoise_calendar_final,../noise_1280x853.ppm,12,5,0.15399814400007017
denoise_calendar_final,../noise_1280x853.ppm,12,6,0.1631500519997644
denoise_calendar_final,../noise_1280x853.ppm,12,7,0.17388922600002843
denoise_calendar_final,../noise_1280x853.ppm,12,8,0.18502364900086832
denoise_calendar_final,../noise_1280x853.ppm,12,9,0.15464719100054936
denoise_calendar_final,../noise_1280x853.ppm,12,10,0.15393225099978736
denoise_calendar_final,../noise_1280x853.ppm,12,11,0.1580216250004014
denoise_calendar_final,../noise_1280x853.ppm,12,12,0.15372735500022827
denoise_calendar_final,../noise_1280x853.ppm,12,13,0.16542015099912533
denoise_calendar_final,../noise_1280x853.ppm,12,14,0.1764453970008617
denoise_calendar_final,../noise_1280x853.ppm,12,15,0.1779244800000015
denoise_calendar_final,../noise_1280x853.ppm,12,16,0.16868164099832939
denoise_calendar_final,../noise_1280x853.ppm,12,17,0.16827934200046002
denoise_calendar_final,../noise_1280x853.ppm,12,18,0.17880966299890133
denoise_calendar_final,../noise_1280x853.ppm,12,19,0.17050449599992135
denoise_calendar_final,../noise_1280x853.ppm,12,20,0.16830998099976568
denoise_calendar_final,../noise_1280x853.ppm,12,21,0.1728028079996875
denoise_calendar_final,../noise_1280x853.ppm,12,22,0.16711726799985627
denoise_calendar_final,../noise_1280x853.ppm,12,23,0.16834178199860617
denoise_calendar_final,../noise_1280x853.ppm,12,24,0.1675753439994878
denoise_calendar_final,../noise_1280x853.ppm,12,25,0.16683316199851106
denoise_calendar_final,../noise_1280x853.ppm,12,26,0.1593464910001785
denoise_calendar_final,../noise_1280x853.ppm,12,27,0.15625994999936665
denoise_calendar_final,../noise_1280x853.ppm,12,28,0.15912290800042683
denoise_calendar_final,../noise_1280x853.ppm,12,29,0.15334806099963316
denoise_calendar_final,../noise_1280x853.ppm,12,30,0.1538620120009
denoise_calendar_final,../noise_1280x853.ppm,13,1,0.15917151200119406
denoise_calendar_final,../noise_1280x853.ppm,13,2,0.15389159799997287
denoise_calendar_final,../noise_1280x853.ppm,13,3,0.15495712099982484
denoise_calendar_final,../noise_1280x853.ppm,13,4,0.1539120779998484
denoise_calendar_final,../noise_1280x853.ppm,13,5,0.15550013699976262
denoise_calendar_final,../noise_1280x853.ppm,13,6,0.1538123300015286
denoise_calendar_final,../noise_1280x853.ppm,13,7,0.15740994599946134
denoise_calendar_final,../noise_1280x853.ppm,13,8,0.18246904099942185
denoise_calendar_final,../noise_1280x853.ppm,13,9,0.1558390979989781
denoise_calendar_final,../noise_1280x853.ppm,13,10,0.1648927400001412
denoise_calendar_final,../noise_1280x853.ppm,13,11,0.1784249809988978
denoise_calendar_final,../noise_1280x853.ppm,13,12,0.16588146899994172
denoise_calendar_final,../noise_1280x853.ppm,13,13,0.17208907500025816
denoise_calendar_final,../noise_1280x853.ppm,13,14,0.16526233999866236
denoise_calendar_final,../noise_1280x853.ppm,13,15,0.16981418799878156
denoise_calendar_final,../noise_1280x853.ppm,13,16,0.1702567740012455
denoise_calendar_final,../noise_1280x853.ppm,13,17,0.17882772300072247
denoise_calendar_final,../noise_1280x853.ppm,13,18,0.1795065579990478
denoise_calendar_final,../noise_1280x853.ppm,13,19,0.16735149799933424
denoise_calendar_final,../noise_1280x853.ppm,13,20,0.17138014699958148
denoise_calendar_final,../noise_1280x853.ppm,13,21,0.1605817500003468
denoise_calendar_final,../noise_1280x853.ppm,13,22,0.15625205099968298
denoise_calendar_final,../noise_1280x853.ppm,13,23,0.15459493100024702
denoise_calendar_final,../noise_1280x853.ppm,13,24,0.16575997300060408
denoise_calendar_final,../noise_1280x853.ppm,13,25,0.16403656699912972
denoise_calendar_final,../noise_1280x853.ppm,13,26,0.15605406899885566
denoise_calendar_final,../noise_1280x853.ppm,13,27,0.1545885300001828
denoise_calendar_final,../noise_1280x853.ppm,13,28,0.15557897100006812
denoise_calendar_final,../noise_1280x853.ppm,13,29,0.1593229539994354
denoise_calendar_final,../noise_1280x853.ppm,13,30,0.15519065799890086
denoise_calendar_final,../noise_1280x853.ppm,14,1,0.1590479940005025
denoise_calendar_final,../noise_1280x853.ppm,14,2,0.1514679760002764
denoise_calendar_final,../noise_1280x853.ppm,14,3,0.15110793600069883
denoise_calendar_final,../noise_1280x853.ppm,14,4,0.15643786499822454
denoise_calendar_final,../noise_1280x853.ppm,14,5,0.15722352900047554
denoise_calendar_final,../noise_1280x853.ppm,14,6,0.16285764200074482
denoise_calendar_final,../noise_1280x853.ppm,14,7,0.17734206299974176
denoise_calendar_final,../noise_1280x853.ppm,14,8,0.1983392759993876
denoise_calendar_final,../noise_1280x853.ppm,14,9,0.16708335399926
denoise_calendar_final,../noise_1280x853.ppm,14,10,0.16660143499939295
denoise_calendar_final,../noise_1280x853.ppm,14,11,0.17357695100145065
denoise_calendar_final,../noise_1280x853.ppm,14,12,0.17322047800007567
denoise_calendar_final,../noise_1280x853.ppm,14,13,0.17882893299974967
denoise_calendar_final,../noise_1280x853.ppm,14,14,0.17589864799992938
denoise_calendar_final,../noise_1280x853.ppm,14,15,0.17139247599880036
denoise_calendar_final,../noise_1280x853.ppm,14,16,0.16627466899990395
denoise_calendar_final,../noise_1280x853.ppm,14,17,0.16636472800018964
denoise_calendar_final,../noise_1280x853.ppm,14,18,0.1546483679994708
denoise_calendar_final,../noise_1280x853.ppm,14,19,0.15437456099971314
denoise_calendar_final,../noise_1280x853.ppm,14,20,0.16771383800005424
denoise_calendar_final,../noise_1280x853.ppm,14,21,0.16047606600113795
denoise_calendar_final,../noise_1280x853.ppm,14,22,0.15047458300068683
denoise_calendar_final,../noise_1280x853.ppm,14,23,0.15387007699973765
denoise_calendar_final,../noise_1280x853.ppm,14,24,0.15028319200064288
denoise_calendar_final,../noise_1280x853.ppm,14,25,0.15611334599998372
denoise_calendar_final,../noise_1280x853.ppm,14,26,0.15731921500082535
denoise_calendar_final,../noise_1280x853.ppm,14,27,0.1541707470005349
denoise_calendar_final,../noise_1280x853.ppm,14,28,0.15427401200031454
denoise_calendar_final,../noise_1280x853.ppm,14,29,0.15603207200001634
denoise_calendar_final,../noise_1280x853.ppm,14,30,0.15983064799911517
denoise_calendar_final,../noise_1280x853.ppm,15,1,0.15585384699988936
denoise_calendar_final,../noise_1280x853.ppm,15,2,0.1515676799990615
denoise_calendar_final,../noise_1280x853.ppm,15,3,0.15616103799948178
denoise_calendar_final,../noise_1280x853.ppm,15,4,0.1587162640007591
denoise_calendar_final,../noise_1280x853.ppm,15,5,0.17289522899955045
denoise_calendar_final,../noise_1280x853.ppm,15,6,0.1554447540002002
denoise_calendar_final,../noise_1280x853.ppm,15,7,0.16316766399904736
denoise_calendar_final,../noise_1280x853.ppm,15,8,0.1745045499992557
denoise_calendar_final,../noise_1280x853.ppm,15,9,0.15687457700005325
denoise_calendar_final,../noise_1280x853.ppm,15,10,0.15096507400085102
denoise_calendar_final,../noise_1280x853.ppm,15,11,0.16098666499965475
denoise_calendar_final,../noise_1280x853.ppm,15,12,0.1643728809995082
denoise_calendar_final,../noise_1280x853.ppm,15,13,0.16700918199967418
denoise_calendar_final,../noise_1280x853.ppm,15,14,0.15347081899926707
denoise_calendar_final,../noise_1280x853.ppm,15,15,0.1628739810003026
denoise_calendar_final,../noise_1280x853.ppm,15,16,0.15616316399973584
denoise_calendar_final,../noise_1280x853.ppm,15,17,0.15686097200159566
denoise_calendar_final,../noise_1280x853.ppm,15,18,0.1525291689995356
denoise_calendar_final,../noise_1280x853.ppm,15,19,0.1560697880013322
denoise_calendar_final,../noise_1280x853.ppm,15,20,0.15232258000105503
denoise_calendar_final,../noise_1280x853.ppm,15,21,0.15492042699952435
denoise_calendar_final,../noise_1280x853.ppm,15,22,0.1533663919999526
denoise_calendar_final,../noise_1280x853.ppm,15,23,0.15382154199869547
denoise_calendar_final,../noise_1280x853.ppm,15,24,0.15990588599925104
denoise_calendar_final,../noise_1280x853.ppm,15,25,0.15599152200047683
denoise_calendar_final,../noise_1280x853.ppm,15,26,0.15792668799986131
denoise_calendar_final,../noise_1280x853.ppm,15,27,0.15528478699889092
denoise_calendar_final,../noise_1280x853.ppm,15,28,0.15884708699923067
denoise_calendar_final,../noise_1280x853.ppm,15,29,0.15424952200010011
denoise_calendar_final,../noise_1280x853.ppm,15,30,0.15666663799856906
denoise_calendar_final,../noise_1280x853.ppm,16,1,0.15545906599982118
denoise_calendar_final,../noise_1280x853.ppm,16,2,0.15705581299880578
denoise_calendar_final,../noise_1280x853.ppm,16,3,0.15221069199833437
denoise_calendar_final,../noise_1280x853.ppm,16,4,0.1544939550003619
denoise_calendar_final,../noise_1280x853.ppm,16,5,0.1557926679997763
denoise_calendar_final,../noise_1280x853.ppm,16,6,0.15408798699900217
denoise_calendar_final,../noise_1280x853.ppm,16,7,0.16339847600102075
denoise_calendar_final,../noise_1280x853.ppm,16,8,0.17792057800033945
denoise_calendar_final,../noise_1280x853.ppm,16,9,0.154717677998633
denoise_calendar_final,../noise_1280x853.ppm,16,10,0.15245431299990742
denoise_calendar_final,../noise_1280x853.ppm,16,11,0.1541230250004446
denoise_calendar_final,../noise_1280x853.ppm,16,12,0.15114858600099979
denoise_calendar_final,../noise_1280x853.ppm,16,13,0.15403181299916469
denoise_calendar_final,../noise_1280x853.ppm,16,14,0.15419797700087656
denoise_calendar_final,../noise_1280x853.ppm,16,15,0.15430851699966297
denoise_calendar_final,../noise_1280x853.ppm,16,16,0.1536363169998367
denoise_calendar_final,../noise_1280x853.ppm,16,17,0.1530314539995743
denoise_calendar_final,../noise_1280x853.ppm,16,18,0.15167099499922188
denoise_calendar_final,../noise_1280x853.ppm,16,19,0.15349928799878398
denoise_calendar_final,../noise_1280x853.ppm,16,20,0.15695576700090896
denoise_calendar_final,../noise_1280x853.ppm,16,21,0.1568411210009799
denoise_calendar_final,../noise_1280x853.ppm,16,22,0.1544125250002253
denoise_calendar_final,../noise_1280x853.ppm,16,23,0.15633442500075034
denoise_calendar_final,../noise_1280x853.ppm,16,24,0.157907487000557
denoise_calendar_final,../noise_1280x853.ppm,16,25,0.15670322200094233
denoise_calendar_final,../noise_1280x853.ppm,16,26,0.15412904900040303
denoise_calendar_final,../noise_1280x853.ppm,16,27,0.15493151500049862
denoise_calendar_final,../noise_1280x853.ppm,16,28,0.15672520399857603
denoise_calendar_final,../noise_1280x853.ppm,16,29,0.15913120999903185
denoise_calendar_final,../noise_1280x853.ppm,16,30,0.15408625900090556
denoise_calendar_final,../noise.ppm,1,1,12.944113036999624
denoise_calendar_final,../noise.ppm,1,2,12.999898254998698
denoise_calendar_final,../noise.ppm,1,3,12.967125226999997
denoise_calendar_final,../noise.ppm,1,4,13.010967752999932
denoise_calendar_final,../noise.ppm,1,5,13.135330790999433
denoise_calendar_final,../noise.ppm,1,6,12.994699052000215
denoise_calendar_final,../noise.ppm,1,7,13.009227397998984
denoise_calendar_final,../noise.ppm,1,8,13.021008220001022
denoise_calendar_final,../noise.ppm,1,9,12.968914204000612
denoise_calendar_final,../noise.ppm,1,10,13.272653529000308
denoise_calendar_final,../noise.ppm,1,11,13.06776754099883
denoise_calendar_final,../noise.ppm,1,12,12.75684923299923
denoise_calendar_final,../noise.ppm,1,13,12.603769303999798
denoise_calendar_final,../noise.ppm,1,14,12.65162760000021
denoise_calendar_final,../noise.ppm,1,15,12.614429016999566
denoise_calendar_final,../noise.ppm,1,16,12.589656871999978
denoise_calendar_final,../noise.ppm,1,17,12.518611114999658
denoise_calendar_final,../noise.ppm,1,18,12.51778773300066
denoise_calendar_final,../noise.ppm,1,19,12.631295446000877
denoise_calendar_final,../noise.ppm,1,20,12.677184521000527
denoise_calendar_final,../noise.ppm,1,21,12.563554796000972
denoise_calendar_final,../noise.ppm,1,22,12.562603972999568
denoise_calendar_final,../noise.ppm,1,23,12.522461300000941
denoise_calendar_final,../noise.ppm,1,24,12.516829682001116
denoise_calendar_final,../noise.ppm,1,25,12.57248474699918
denoise_calendar_final,../noise.ppm,1,26,12.490371784000672
denoise_calendar_final,../noise.ppm,1,27,12.55094698999892
denoise_calendar_final,../noise.ppm,1,28,12.499512289999984
denoise_calendar_final,../noise.ppm,1,29,12.559601175000353
denoise_calendar_final,../noise.ppm,1,30,12.595261021000624
denoise_calendar_final,../noise.ppm,2,1,6.749557847000688
denoise_calendar_final,../noise.ppm,2,2,6.742818885999441
denoise_calendar_final,../noise.ppm,2,3,6.786300278999988
denoise_calendar_final,../noise.ppm,2,4,6.780983265000032
denoise_calendar_final,../noise.ppm,2,5,6.779835274001016
denoise_calendar_final,../noise.ppm,2,6,6.772534493999046
denoise_calendar_final,../noise.ppm,2,7,6.782396284001152
denoise_calendar_final,../noise.ppm,2,8,6.81553739499941
denoise_calendar_final,../noise.ppm,2,9,6.867102997999609
denoise_calendar_final,../noise.ppm,2,10,6.802156163999825
denoise_calendar_final,../noise.ppm,2,11,6.807696453999597
denoise_calendar_final,../noise.ppm,2,12,6.780706417999681
denoise_calendar_final,../noise.ppm,2,13,6.824439901000005
denoise_calendar_final,../noise.ppm,2,14,6.815739771000153
denoise_calendar_final,../noise.ppm,2,15,6.802002328999151
denoise_calendar_final,../noise.ppm,2,16,6.868794367999726
denoise_calendar_final,../noise.ppm,2,17,6.955858018000072
denoise_calendar_final,../noise.ppm,2,18,7.05434435800089
denoise_calendar_final,../noise.ppm,2,19,7.052131267999357
denoise_calendar_final,../noise.ppm,2,20,6.899763774999883
denoise_calendar_final,../noise.ppm,2,21,6.865071652999177
denoise_calendar_final,../noise.ppm,2,22,6.903200979000758
denoise_calendar_final,../noise.ppm,2,23,6.909121773998777
denoise_calendar_final,../noise.ppm,2,24,6.8884125699987635
denoise_calendar_final,../noise.ppm,2,25,6.898985342999367
denoise_calendar_final,../noise.ppm,2,26,6.842689279999831
denoise_calendar_final,../noise.ppm,2,27,6.887633554999411
denoise_calendar_final,../noise.ppm,2,28,7.05689608099965
denoise_calendar_final,../noise.ppm,2,29,7.114601972998571
denoise_calendar_final,../noise.ppm,2,30,7.078325983999093
denoise_calendar_final,../noise.ppm,3,1,4.87254190800013
denoise_calendar_final,../noise.ppm,3,2,4.736056891999397
denoise_calendar_final,../noise.ppm,3,3,4.728167372999451
denoise_calendar_final,../noise.ppm,3,4,4.730752830999336
denoise_calendar_final,../noise.ppm,3,5,4.768722434000665
denoise_calendar_final,../noise.ppm,3,6,4.751466202000302
denoise_calendar_final,../noise.ppm,3,7,4.9353508000003785
denoise_calendar_final,../noise.ppm,3,8,4.933891919999951
denoise_calendar_final,../noise.ppm,3,9,4.94205092500124
denoise_calendar_final,../noise.ppm,3,10,5.110861660999944
denoise_calendar_final,../noise.ppm,3,11,5.008937511998738
denoise_calendar_final,../noise.ppm,3,12,5.129174440000497
denoise_calendar_final,../noise.ppm,3,13,4.931770188000883
denoise_calendar_final,../noise.ppm,3,14,5.073806732001685
denoise_calendar_final,../noise.ppm,3,15,5.065872818000571
denoise_calendar_final,../noise.ppm,3,16,4.882745712000542
denoise_calendar_final,../noise.ppm,3,17,5.0977479409993975
denoise_calendar_final,../noise.ppm,3,18,4.909865814001023
denoise_calendar_final,../noise.ppm,3,19,4.891805135999675
denoise_calendar_final,../noise.ppm,3,20,4.9944622950006305
denoise_calendar_final,../noise.ppm,3,21,4.908763748999263
denoise_calendar_final,../noise.ppm,3,22,4.901032903999294
denoise_calendar_final,../noise.ppm,3,23,5.179474205999213
denoise_calendar_final,../noise.ppm,3,24,5.062883560000046
denoise_calendar_final,../noise.ppm,3,25,4.9985434350001015
denoise_calendar_final,../noise.ppm,3,26,5.031287383000745
denoise_calendar_final,../noise.ppm,3,27,5.028655183999945
denoise_calendar_final,../noise.ppm,3,28,5.067979974000991
denoise_calendar_final,../noise.ppm,3,29,5.145551894998789
denoise_calendar_final,../noise.ppm,3,30,4.950010811999164
denoise_calendar_final,../noise.ppm,4,1,3.9102879660003964
denoise_calendar_final,../noise.ppm,4,2,3.99201893999998
denoise_calendar_final,../noise.ppm,4,3,3.7763587870013
denoise_calendar_final,../noise.ppm,4,4,4.001743529999658
denoise_calendar_final,../noise.ppm,4,5,3.851937743000235
denoise_calendar_final,../noise.ppm,4,6,3.94137610100006
denoise_calendar_final,../noise.ppm,4,7,3.9096449240005313
denoise_calendar_final,../noise.ppm,4,8,3.9668303840007866
denoise_calendar_final,../noise.ppm,4,9,4.020292871999118
denoise_calendar_final,../noise.ppm,4,10,3.9927934689985705
denoise_calendar_final,../noise.ppm,4,11,3.892312669999228
denoise_calendar_final,../noise.ppm,4,12,3.971651831001509
denoise_calendar_final,../noise.ppm,4,13,3.8400893270008964
denoise_calendar_final,../noise.ppm,4,14,3.826081320999947
denoise_calendar_final,../noise.ppm,4,15,3.718950282998776
denoise_calendar_final,../noise.ppm,4,16,3.7596964750009647
denoise_calendar_final,../noise.ppm,4,17,3.7527571840000746
denoise_calendar_final,../noise.ppm,4,18,3.692312777000552
denoise_calendar_final,../noise.ppm,4,19,3.779700548000619
denoise_calendar_final,../noise.ppm,4,20,3.740968094998607
denoise_calendar_final,../noise.ppm,4,21,3.7346646070000133
denoise_calendar_final,../noise.ppm,4,22,3.6791875069993694
denoise_calendar_final,../noise.ppm,4,23,3.689879817999099
denoise_calendar_final,../noise.ppm,4,24,3.702037854000082
denoise_calendar_final,../noise.ppm,4,25,3.787625029000992
denoise_calendar_final,../noise.ppm,4,26,3.759826253999563
denoise_calendar_final,../noise.ppm,4,27,3.763063508999039
denoise_calendar_final,../noise.ppm,4,28,3.70473870800015
denoise_calendar_final,../noise.ppm,4,29,3.710056228999747
denoise_calendar_final,../noise.ppm,4,30,3.7340659109995613
denoise_calendar_final,../noise.ppm,5,1,3.185790227000325
denoise_calendar_final,../noise.ppm,5,2,3.1346822870000324
denoise_calendar_final,../noise.ppm,5,3,3.1472609619995637
denoise_calendar_final,../noise.ppm,5,4,3.186468858999433
denoise_calendar_final,../noise.ppm,5,5,3.1503216500004783
denoise_calendar_final,../noise.ppm,5,6,3.1999850629999855
denoise_calendar_final,../noise.ppm,5,7,3.151370629999292
denoise_calendar_final,../noise.ppm,5,8,3.1780430959988735
denoise_calendar_final,../noise.ppm,5,9,3.2119838159997016
denoise_calendar_final,../noise.ppm,5,10,3.1311886640014563
denoise_calendar_final,../noise.ppm,5,11,3.155092020000666
denoise_calendar_final,../noise.ppm,5,12,3.16632952800137
denoise_calendar_final,../noise.ppm,5,13,3.1320572839995293
denoise_calendar_final,../noise.ppm,5,14,3.2271433850000903
denoise_calendar_final,../noise.ppm,5,15,3.2003232830011257
denoise_calendar_final,../noise.ppm,5,16,3.1574013600002218
denoise_calendar_final,../noise.ppm,5,17,3.182609636000052
denoise_calendar_final,../noise.ppm,5,18,3.1849319619996095
denoise_calendar_final,../noise.ppm,5,19,3.1324484840006335
denoise_calendar_final,../noise.ppm,5,20,3.1558033319997776
denoise_calendar_final,../noise.ppm,5,21,3.1418717489996197
denoise_calendar_final,../noise.ppm,5,22,3.182044954999583
denoise_calendar_final,../noise.ppm,5,23,3.1886145180014864
denoise_calendar_final,../noise.ppm,5,24,3.1473215259993594
denoise_calendar_final,../noise.ppm,5,25,3.167873029000475
denoise_calendar_final,../noise.ppm,5,26,3.138050622999799
denoise_calendar_final,../noise.ppm,5,27,3.141631841999697
denoise_calendar_final,../noise.ppm,5,28,3.1561383949992887
denoise_calendar_final,../noise.ppm,5,29,3.1647553200000402
denoise_calendar_final,../noise.ppm,5,30,3.1952995030005695
denoise_calendar_final,../noise.ppm,6,1,2.7668139940014953
denoise_calendar_final,../noise.ppm,6,2,2.7897713460006344
denoise_calendar_final,../noise.ppm,6,3,2.7179392159996496
denoise_calendar_final,../noise.ppm,6,4,2.7170257100005983
denoise_calendar_final,../noise.ppm,6,5,2.776921738000965
denoise_calendar_final,../noise.ppm,6,6,2.8116163609993237
denoise_calendar_final,../noise.ppm,6,7,2.902488579000419
denoise_calendar_final,../noise.ppm,6,8,2.7758127760007483
denoise_calendar_final,../noise.ppm,6,9,2.9362974850009778
denoise_calendar_final,../noise.ppm,6,10,2.7762010700007522
denoise_calendar_final,../noise.ppm,6,11,2.747296555999128
denoise_calendar_final,../noise.ppm,6,12,2.744310524998582
denoise_calendar_final,../noise.ppm,6,13,2.7709261770014564
denoise_calendar_final,../noise.ppm,6,14,2.748329422000097
denoise_calendar_final,../noise.ppm,6,15,2.8378201550003723
denoise_calendar_final,../noise.ppm,6,16,2.7476267219990405
denoise_calendar_final,../noise.ppm,6,17,2.7810580040004425
denoise_calendar_final,../noise.ppm,6,18,2.7602632739999535
denoise_calendar_final,../noise.ppm,6,19,2.742800449999777
denoise_calendar_final,../noise.ppm,6,20,2.760278368001309
denoise_calendar_final,../noise.ppm,6,21,2.7789014219997625
denoise_calendar_final,../noise.ppm,6,22,2.7835202520000166
denoise_calendar_final,../noise.ppm,6,23,2.779294055000719
denoise_calendar_final,../noise.ppm,6,24,2.7431070229995385
denoise_calendar_final,../noise.ppm,6,25,2.7856931450005504
denoise_calendar_final,../noise.ppm,6,26,2.7490042769986758
denoise_calendar_final,../noise.ppm,6,27,2.769323276999785
denoise_calendar_final,../noise.ppm,6,28,2.829834760999802
denoise_calendar_final,../noise.ppm,6,29,2.8530846199992084
denoise_calendar_final,../noise.ppm,6,30,2.8905544670014933
denoise_calendar_final,../noise.ppm,7,1,2.8491533890010032
denoise_calendar_final,../noise.ppm,7,2,2.8134419360012544
denoise_calendar_final,../noise.ppm,7,3,2.7907953840003756
denoise_calendar_final,../noise.ppm,7,4,2.7375066570002673
denoise_calendar_final,../noise.ppm,7,5,2.825357919000453
denoise_calendar_final,../noise.ppm,7,6,2.755877502000658
denoise_calendar_final,../noise.ppm,7,7,2.830708889001471
denoise_calendar_final,../noise.ppm,7,8,2.8756589200002054
denoise_calendar_final,../noise.ppm,7,9,2.688529760000165
denoise_calendar_final,../noise.ppm,7,10,2.717501920998984
denoise_calendar_final,../noise.ppm,7,11,2.6734729340005288
denoise_calendar_final,../noise.ppm,7,12,2.7503032940003322
denoise_calendar_final,../noise.ppm,7,13,2.667101056998945
denoise_calendar_final,../noise.ppm,7,14,2.702654819999225
denoise_calendar_final,../noise.ppm,7,15,2.689359449999756
denoise_calendar_final,../noise.ppm,7,16,2.7235531139995146
denoise_calendar_final,../noise.ppm,7,17,2.7604814800015447
denoise_calendar_final,../noise.ppm,7,18,2.6503383529998246
denoise_calendar_final,../noise.ppm,7,19,2.672148924000794
denoise_calendar_final,../noise.ppm,7,20,2.705830748000153
denoise_calendar_final,../noise.ppm,7,21,2.757017279000138
denoise_calendar_final,../noise.ppm,7,22,2.704837976998533
denoise_calendar_final,../noise.ppm,7,23,2.831702626999686
denoise_calendar_final,../noise.ppm,7,24,2.834015988999454
denoise_calendar_final,../noise.ppm,7,25,2.6835228460004146
denoise_calendar_final,../noise.ppm,7,26,2.868648371000745
denoise_calendar_final,../noise.ppm,7,27,2.866000010000789
denoise_calendar_final,../noise.ppm,7,28,2.684142198999325
denoise_calendar_final,../noise.ppm,7,29,2.8645702449994133
denoise_calendar_final,../noise.ppm,7,30,2.8006414880001103
denoise_calendar_final,../noise.ppm,8,1,2.648281430001589
denoise_calendar_final,../noise.ppm,8,2,2.7893137020000722
denoise_calendar_final,../noise.ppm,8,3,2.770395870000357
denoise_calendar_final,../noise.ppm,8,4,2.6738611629989464
denoise_calendar_final,../noise.ppm,8,5,2.7483392150006694
denoise_calendar_final,../noise.ppm,8,6,2.648173345000032
denoise_calendar_final,../noise.ppm,8,7,2.596159300999716
denoise_calendar_final,../noise.ppm,8,8,2.6627155740006856
denoise_calendar_final,../noise.ppm,8,9,2.620212101999641
denoise_calendar_final,../noise.ppm,8,10,2.6715355350006575
denoise_calendar_final,../noise.ppm,8,11,2.6089113090001774
denoise_calendar_final,../noise.ppm,8,12,2.657587028999842
denoise_calendar_final,../noise.ppm,8,13,2.6395958279990737
denoise_calendar_final,../noise.ppm,8,14,2.6472597049996693
denoise_calendar_final,../noise.ppm,8,15,2.7150655040004494
denoise_calendar_final,../noise.ppm,8,16,2.69325634300003
denoise_calendar_final,../noise.ppm,8,17,2.683111464000831
denoise_calendar_final,../noise.ppm,8,18,2.8027590769997914
denoise_calendar_final,../noise.ppm,8,19,2.625711319999027
denoise_calendar_final,../noise.ppm,8,20,2.7481684670001414
denoise_calendar_final,../noise.ppm,8,21,2.7247575300007156
denoise_calendar_final,../noise.ppm,8,22,2.643393943999399
denoise_calendar_final,../noise.ppm,8,23,2.598966345000008
denoise_calendar_final,../noise.ppm,8,24,2.627503448000425
denoise_calendar_final,../noise.ppm,8,25,2.615878419999717
denoise_calendar_final,../noise.ppm,8,26,2.6563872209990222
denoise_calendar_final,../noise.ppm,8,27,2.6567010159997153
denoise_calendar_final,../noise.ppm,8,28,2.6255622409989883
denoise_calendar_final,../noise.ppm,8,29,2.6492889170003764
denoise_calendar_final,../noise.ppm,8,30,2.667764387999341
denoise_calendar_final,../noise.ppm,9,1,2.587796062000052
denoise_calendar_final,../noise.ppm,9,2,2.611126124000293
denoise_calendar_final,../noise.ppm,9,3,2.5747730050006794
denoise_calendar_final,../noise.ppm,9,4,2.5909431930012943
denoise_calendar_final,../noise.ppm,9,5,2.572842624000259
denoise_calendar_final,../noise.ppm,9,6,2.580484697000429
denoise_calendar_final,../noise.ppm,9,7,2.60133877699991
denoise_calendar_final,../noise.ppm,9,8,2.580218323000736
denoise_calendar_final,../noise.ppm,9,9,2.671051515000727
denoise_calendar_final,../noise.ppm,9,10,2.5940729579997424
denoise_calendar_final,../noise.ppm,9,11,2.618563322999762
denoise_calendar_final,../noise.ppm,9,12,2.599669717001234
denoise_calendar_final,../noise.ppm,9,13,2.692308444999071
denoise_calendar_final,../noise.ppm,9,14,2.669062176000807
denoise_calendar_final,../noise.ppm,9,15,2.6151028719996248
denoise_calendar_final,../noise.ppm,9,16,2.5912538330012467
denoise_calendar_final,../noise.ppm,9,17,2.581292623999616
denoise_calendar_final,../noise.ppm,9,18,2.610534090999863
denoise_calendar_final,../noise.ppm,9,19,2.5902098339993245
denoise_calendar_final,../noise.ppm,9,20,2.630731649000154
denoise_calendar_final,../noise.ppm,9,21,2.5975974749999295
denoise_calendar_final,../noise.ppm,9,22,2.584952308998254
denoise_calendar_final,../noise.ppm,9,23,2.631888521000292
denoise_calendar_final,../noise.ppm,9,24,2.601431588000196
denoise_calendar_final,../noise.ppm,9,25,2.577351472000373
denoise_calendar_final,../noise.ppm,9,26,2.5631952399999136
denoise_calendar_final,../noise.ppm,9,27,2.5849273190015083
denoise_calendar_final,../noise.ppm,9,28,2.5611884399986593
denoise_calendar_final,../noise.ppm,9,29,2.6028497890001745
denoise_calendar_final,../noise.ppm,9,30,2.5942636330000823
denoise_calendar_final,../noise.ppm,10,1,2.5803013629993075
denoise_calendar_final,../noise.ppm,10,2,2.5477441969997017
denoise_calendar_final,../noise.ppm,10,3,2.561081785999704
denoise_calendar_final,../noise.ppm,10,4,2.5497746799992456
denoise_calendar_final,../noise.ppm,10,5,2.549360216000423
denoise_calendar_final,../noise.ppm,10,6,2.9280330879992107
denoise_calendar_final,../noise.ppm,10,7,2.8916883260008035
denoise_calendar_final,../noise.ppm,10,8,2.8117627970004833
denoise_calendar_final,../noise.ppm,10,9,2.5790984489995026
denoise_calendar_final,../noise.ppm,10,10,2.700163966999753
denoise_calendar_final,../noise.ppm,10,11,2.6334824109999317
denoise_calendar_final,../noise.ppm,10,12,2.61718707
denoise_calendar_final,../noise.ppm,10,13,2.6496570030012663
denoise_calendar_final,../noise.ppm,10,14,2.5560740230012016
denoise_calendar_final,../noise.ppm,10,15,2.720206832000258
denoise_calendar_final,../noise.ppm,10,16,2.5848743520000426
denoise_calendar_final,../noise.ppm,10,17,2.5378374840001925
denoise_calendar_final,../noise.ppm,10,18,2.552380835000804
denoise_calendar_final,../noise.ppm,10,19,2.5215589969993744
denoise_calendar_final,../noise.ppm,10,20,2.5671740879988647
denoise_calendar_final,../noise.ppm,10,21,2.5200825210013136
denoise_calendar_final,../noise.ppm,10,22,2.5501769929996954
denoise_calendar_final,../noise.ppm,10,23,2.7067515700000513
denoise_calendar_final,../noise.ppm,10,24,2.539660938999077
denoise_calendar_final,../noise.ppm,10,25,2.579832773000817
denoise_calendar_final,../noise.ppm,10,26,2.5377872300014133
denoise_calendar_final,../noise.ppm,10,27,2.5233361089995014
denoise_calendar_final,../noise.ppm,10,28,2.5777410509999754
denoise_calendar_final,../noise.ppm,10,29,2.5998233499994967
denoise_calendar_final,../noise.ppm,10,30,2.605811163000908

denoise_calendar_final,../noise.ppm,12,1,2.4262764070008416
denoise_calendar_final,../noise.ppm,12,2,2.387531492000562
denoise_calendar_final,../noise.ppm,12,3,2.4595615359994554
denoise_calendar_final,../noise.ppm,12,4,2.335953719000827
denoise_calendar_final,../noise.ppm,12,5,2.499262228000589
denoise_calendar_final,../noise.ppm,12,6,2.351634037000622
denoise_calendar_final,../noise.ppm,12,7,2.5681070880000334
denoise_calendar_final,../noise.ppm,12,8,2.4927488599987555
denoise_calendar_final,../noise.ppm,12,9,2.4279670550004084
denoise_calendar_final,../noise.ppm,12,10,2.526241472000038
denoise_calendar_final,../noise.ppm,12,11,2.380943105999904
denoise_calendar_final,../noise.ppm,12,12,2.4118851859984716
denoise_calendar_final,../noise.ppm,12,13,2.4108433769997646
denoise_calendar_final,../noise.ppm,12,14,2.3983693099999073
denoise_calendar_final,../noise.ppm,12,15,2.4415757750011835
denoise_calendar_final,../noise.ppm,12,16,2.4135118930007593
denoise_calendar_final,../noise.ppm,12,17,2.4408726620004018
denoise_calendar_final,../noise.ppm,12,18,2.415519915000914
denoise_calendar_final,../noise.ppm,12,19,2.4464503129984223
denoise_calendar_final,../noise.ppm,12,20,2.4662109580003744
denoise_calendar_final,../noise.ppm,12,21,2.4507785069999954
denoise_calendar_final,../noise.ppm,12,22,2.4550545160000183
denoise_calendar_final,../noise.ppm,12,23,2.44270778399914
denoise_calendar_final,../noise.ppm,12,24,2.461032532999525
denoise_calendar_final,../noise.ppm,12,25,2.503283840998847
denoise_calendar_final,../noise.ppm,12,26,2.4121587059999
denoise_calendar_final,../noise.ppm,12,27,2.474271647999558
denoise_calendar_final,../noise.ppm,12,28,2.5966825480008993
denoise_calendar_final,../noise.ppm,12,29,2.450426458999573
denoise_calendar_final,../noise.ppm,12,30,2.5613873719994444
denoise_calendar_final,../noise.ppm,13,1,2.4968239949994313
denoise_calendar_final,../noise.ppm,13,2,2.4313777549996303
denoise_calendar_final,../noise.ppm,13,3,2.4438812600001256
denoise_calendar_final,../noise.ppm,13,4,2.4279315679996216
denoise_calendar_final,../noise.ppm,13,5,2.5023904999998194
denoise_calendar_final,../noise.ppm,13,6,2.4169280379992415
denoise_calendar_final,../noise.ppm,13,7,2.4509282220005844
denoise_calendar_final,../noise.ppm,13,8,2.421054712000114
denoise_calendar_final,../noise.ppm,13,9,2.4982422270004463
denoise_calendar_final,../noise.ppm,13,10,2.4327018640015012
denoise_calendar_final,../noise.ppm,13,11,2.460614395000448
denoise_calendar_final,../noise.ppm,13,12,2.421504339999956
denoise_calendar_final,../noise.ppm,13,13,2.4370335309995426
denoise_calendar_final,../noise.ppm,13,14,2.4874564919991826
denoise_calendar_final,../noise.ppm,13,15,2.518179450000389
denoise_calendar_final,../noise.ppm,13,16,2.493558373000269
denoise_calendar_final,../noise.ppm,13,17,2.4431706100003794
denoise_calendar_final,../noise.ppm,13,18,2.525320455999463
denoise_calendar_final,../noise.ppm,13,19,2.528620963999856
denoise_calendar_final,../noise.ppm,13,20,2.6497587369995017
denoise_calendar_final,../noise.ppm,13,21,2.503939521000575
denoise_calendar_final,../noise.ppm,13,22,2.4968239949994313
denoise_calendar_final,../noise.ppm,13,23,2.4313777549996303
denoise_calendar_final,../noise.ppm,13,24,2.4438812600001256
denoise_calendar_final,../noise.ppm,13,25,2.4279315679996216
denoise_calendar_final,../noise.ppm,13,26,2.5023904999998194
denoise_calendar_final,../noise.ppm,13,27,2.4169280379992415
denoise_calendar_final,../noise.ppm,13,28,2.4509282220005844
denoise_calendar_final,../noise.ppm,13,29,2.421054712000114
denoise_calendar_final,../noise.ppm,13,30,2.4982422270004463
denoise_calendar_final,../noise.ppm,11,1,2.474788957999408
denoise_calendar_final,../noise.ppm,11,2,2.4669364339988533
denoise_calendar_final,../noise.ppm,11,3,2.5621237760005897
denoise_calendar_final,../noise.ppm,11,4,2.5848865280004247
denoise_calendar_final,../noise.ppm,11,5,2.4559691850008676
denoise_calendar_final,../noise.ppm,11,6,2.458006959001068
denoise_calendar_final,../noise.ppm,11,7,2.441762361999281
denoise_calendar_final,../noise.ppm,11,8,2.4182295950013213
denoise_calendar_final,../noise.ppm,11,9,2.443313838000904
denoise_calendar_final,../noise.ppm,11,10,2.494830445999469
denoise_calendar_final,../noise.ppm,11,11,2.44866372999968
denoise_calendar_final,../noise.ppm,11,12,2.5357198279998556
denoise_calendar_final,../noise.ppm,11,13,2.4789179259987577
denoise_calendar_final,../noise.ppm,11,14,2.5250787700006185
denoise_calendar_final,../noise.ppm,11,15,2.4754847069998505
denoise_calendar_final,../noise.ppm,11,16,2.5333542250009486
denoise_calendar_final,../noise.ppm,11,17,2.491674259001229
denoise_calendar_final,../noise.ppm,11,18,2.516445034001663
denoise_calendar_final,../noise.ppm,11,19,2.5413539580004
denoise_calendar_final,../noise.ppm,11,20,2.5448407379990385
denoise_calendar_final,../noise.ppm,11,21,2.5485599969997565
denoise_calendar_final,../noise.ppm,11,22,2.6069981460004783
denoise_calendar_final,../noise.ppm,11,23,2.501098128999729
denoise_calendar_final,../noise.ppm,11,24,2.5798037100012152
denoise_calendar_final,../noise.ppm,11,25,2.505670429998645
denoise_calendar_final,../noise.ppm,11,26,2.517234762000953
denoise_calendar_final,../noise.ppm,11,27,2.558346531001007
denoise_calendar_final,../noise.ppm,11,28,2.7836142999985896
denoise_calendar_final,../noise.ppm,11,29,2.5598716830008925
denoise_calendar_final,../noise.ppm,11,30,2.652284755000437
denoise_calendar_final,../noise.ppm,14,1,2.651238752001518
denoise_calendar_final,../noise.ppm,14,2,2.689099041999725
denoise_calendar_final,../noise.ppm,14,3,2.6239304790015012
denoise_calendar_final,../noise.ppm,14,4,2.500269816000582
denoise_calendar_final,../noise.ppm,14,5,2.4605324960011785
denoise_calendar_final,../noise.ppm,14,6,2.4887538610000774
denoise_calendar_final,../noise.ppm,14,7,2.4633006999993086
denoise_calendar_final,../noise.ppm,14,8,2.4943393230005313
denoise_calendar_final,../noise.ppm,14,9,2.439125069000511
denoise_calendar_final,../noise.ppm,14,10,2.4705103500000405
denoise_calendar_final,../noise.ppm,14,11,2.42908912600069
denoise_calendar_final,../noise.ppm,14,12,2.480239440999867
denoise_calendar_final,../noise.ppm,14,13,2.43931769199844
denoise_calendar_final,../noise.ppm,14,14,2.472813213998961
denoise_calendar_final,../noise.ppm,14,15,2.4716584809993947
denoise_calendar_final,../noise.ppm,14,16,2.461046346999865
denoise_calendar_final,../noise.ppm,14,17,2.47319908999998
denoise_calendar_final,../noise.ppm,14,18,2.4836027639994427
denoise_calendar_final,../noise.ppm,14,19,2.5192998129987245
denoise_calendar_final,../noise.ppm,14,20,2.4467590339991148
denoise_calendar_final,../noise.ppm,14,21,2.551555002000896
denoise_calendar_final,../noise.ppm,14,22,2.476511709000988
denoise_calendar_final,../noise.ppm,14,23,2.4673783739999635
denoise_calendar_final,../noise.ppm,14,24,2.6110404719984217
denoise_calendar_final,../noise.ppm,14,25,2.494602278999082
denoise_calendar_final,../noise.ppm,14,26,2.5782487190008396
denoise_calendar_final,../noise.ppm,14,27,2.581936237998889
denoise_calendar_final,../noise.ppm,14,28,2.5499755939999886
denoise_calendar_final,../noise.ppm,14,29,2.7671427390014287
denoise_calendar_final,../noise.ppm,14,30,2.508463913000014
denoise_calendar_final,../noise.ppm,15,1,2.520540911000353
denoise_calendar_final,../noise.ppm,15,2,2.4600861460003216
denoise_calendar_final,../noise.ppm,15,3,2.479711963000227
denoise_calendar_final,../noise.ppm,15,4,2.475475182998707
denoise_calendar_final,../noise.ppm,15,5,2.4987662650000857
denoise_calendar_final,../noise.ppm,15,6,2.47273665099965
denoise_calendar_final,../noise.ppm,15,7,2.5055305900004896
denoise_calendar_final,../noise.ppm,15,8,2.468706181000016
denoise_calendar_final,../noise.ppm,15,9,2.5394116259994917
denoise_calendar_final,../noise.ppm,15,10,2.4856381570007215
denoise_calendar_final,../noise.ppm,15,11,2.4761688990001858
denoise_calendar_final,../noise.ppm,15,12,2.472644859999491
denoise_calendar_final,../noise.ppm,15,13,2.545942423001179
denoise_calendar_final,../noise.ppm,15,14,2.4762972539992916
denoise_calendar_final,../noise.ppm,15,15,2.5849357990009594
denoise_calendar_final,../noise.ppm,15,16,2.516642808001052
denoise_calendar_final,../noise.ppm,15,17,2.5023070450006344
denoise_calendar_final,../noise.ppm,15,18,2.5293919180003286
denoise_calendar_final,../noise.ppm,15,19,2.493312184000388
denoise_calendar_final,../noise.ppm,15,20,2.660955676999947
denoise_calendar_final,../noise.ppm,15,21,2.491558816000179
denoise_calendar_final,../noise.ppm,15,22,2.6230263030010974
denoise_calendar_final,../noise.ppm,15,23,2.467757127000368
denoise_calendar_final,../noise.ppm,15,24,2.552578023998649
denoise_calendar_final,../noise.ppm,15,25,2.487074530001337
denoise_calendar_final,../noise.ppm,15,26,2.4920505080008297
denoise_calendar_final,../noise.ppm,15,27,2.479119838999395
denoise_calendar_final,../noise.ppm,15,28,2.4919675740002276
denoise_calendar_final,../noise.ppm,15,29,2.4560754240010283
denoise_calendar_final,../noise.ppm,15,30,2.542553881999993
denoise_calendar_final,../noise.ppm,16,1,2.541070187000514
denoise_calendar_final,../noise.ppm,16,2,2.7582831800009444
denoise_calendar_final,../noise.ppm,16,3,2.693833609999274
denoise_calendar_final,../noise.ppm,16,4,2.859605248999287
denoise_calendar_final,../noise_640x426.ppm,1,1,0.1941627249980229
denoise_calendar_final,../noise_640x426.ppm,1,2,0.19381080200400902
denoise_calendar_final,../noise_640x426.ppm,1,3,0.19376363300398225
denoise_calendar_final,../noise_640x426.ppm,1,4,0.19533431600575568
denoise_calendar_final,../noise_640x426.ppm,1,5,0.1944357600004878
denoise_calendar_final,../noise_640x426.ppm,1,6,0.21248250699864002
denoise_calendar_final,../noise_640x426.ppm,1,7,0.19416604100115364
denoise_calendar_final,../noise_640x426.ppm,1,8,0.19524841299426043
denoise_calendar_final,../noise_640x426.ppm,1,9,0.19324514400068438
denoise_calendar_final,../noise_640x426.ppm,1,10,0.19423145500331884
denoise_calendar_final,../noise_640x426.ppm,1,11,0.19405365999409696
denoise_calendar_final,../noise_640x426.ppm,1,12,0.20081144900177605
denoise_calendar_final,../noise_640x426.ppm,1,13,0.19336378799926024
denoise_calendar_final,../noise_640x426.ppm,1,14,0.19607120499858866
denoise_calendar_final,../noise_640x426.ppm,1,15,0.19040242199844215
denoise_calendar_final,../noise_640x426.ppm,1,16,0.1911435000001802
denoise_calendar_final,../noise_640x426.ppm,1,17,0.19375307299924316
denoise_calendar_final,../noise_640x426.ppm,1,18,0.19055398699856596
denoise_calendar_final,../noise_640x426.ppm,1,19,0.19074436600203626
denoise_calendar_final,../noise_640x426.ppm,1,20,0.19104439300281228
denoise_calendar_final,../noise_640x426.ppm,1,21,0.19121463400369976
denoise_calendar_final,../noise_640x426.ppm,1,22,0.19192085599934217
denoise_calendar_final,../noise_640x426.ppm,1,23,0.19113431200094055
denoise_calendar_final,../noise_640x426.ppm,1,24,0.19011892600246938
denoise_calendar_final,../noise_640x426.ppm,1,25,0.1907527220027987
denoise_calendar_final,../noise_640x426.ppm,1,26,0.1916904909958248
denoise_calendar_final,../noise_640x426.ppm,1,27,0.19009591299982276
denoise_calendar_final,../noise_640x426.ppm,1,28,0.19061062399850925
denoise_calendar_final,../noise_640x426.ppm,1,29,0.1901876359988819
denoise_calendar_final,../noise_640x426.ppm,1,30,0.19152543000382138
denoise_calendar_final,../noise_640x426.ppm,2,1,0.09973909099790035
denoise_calendar_final,../noise_640x426.ppm,2,2,0.09990916200331412
denoise_calendar_final,../noise_640x426.ppm,2,3,0.09943354500137502
denoise_calendar_final,../noise_640x426.ppm,2,4,0.09964126699924236
denoise_calendar_final,../noise_640x426.ppm,2,5,0.09935564800252905
denoise_calendar_final,../noise_640x426.ppm,2,6,0.099080710002454
denoise_calendar_final,../noise_640x426.ppm,2,7,0.09920332000183407
denoise_calendar_final,../noise_640x426.ppm,2,8,0.09902914199483348
denoise_calendar_final,../noise_640x426.ppm,2,9,0.09901423399423948
denoise_calendar_final,../noise_640x426.ppm,2,10,0.09890050000103656
denoise_calendar_final,../noise_640x426.ppm,2,11,0.11387762399681378
denoise_calendar_final,../noise_640x426.ppm,2,12,0.1014314439962618
denoise_calendar_final,../noise_640x426.ppm,2,13,0.09940773700509453
denoise_calendar_final,../noise_640x426.ppm,2,14,0.10135197499766946
denoise_calendar_final,../noise_640x426.ppm,2,15,0.10068976500042481
denoise_calendar_final,../noise_640x426.ppm,2,16,0.10085184100171318
denoise_calendar_final,../noise_640x426.ppm,2,17,0.10016170900053112
denoise_calendar_final,../noise_640x426.ppm,2,18,0.09995899599744007
denoise_calendar_final,../noise_640x426.ppm,2,19,0.10043459299777169
denoise_calendar_final,../noise_640x426.ppm,2,20,0.10006708100263495
denoise_calendar_final,../noise_640x426.ppm,2,21,0.10025135799514828
denoise_calendar_final,../noise_640x426.ppm,2,22,0.09923439900012454
denoise_calendar_final,../noise_640x426.ppm,2,23,0.10006306300056167
denoise_calendar_final,../noise_640x426.ppm,2,24,0.09992024399980437
denoise_calendar_final,../noise_640x426.ppm,2,25,0.0996658939984627
denoise_calendar_final,../noise_640x426.ppm,2,26,0.10028172600141261
denoise_calendar_final,../noise_640x426.ppm,2,27,0.1007406409989926
denoise_calendar_final,../noise_640x426.ppm,2,28,0.1000202619979973
denoise_calendar_final,../noise_640x426.ppm,2,29,0.09885538399976213
denoise_calendar_final,../noise_640x426.ppm,2,30,0.09968837599444669
denoise_calendar_final,../noise_640x426.ppm,3,1,0.06959904100222047
denoise_calendar_final,../noise_640x426.ppm,3,2,0.07125409400032368
denoise_calendar_final,../noise_640x426.ppm,3,3,0.06866683199768886
denoise_calendar_final,../noise_640x426.ppm,3,4,0.06907930099987425
denoise_calendar_final,../noise_640x426.ppm,3,5,0.07109643599687843
denoise_calendar_final,../noise_640x426.ppm,3,6,0.0688712690025568
denoise_calendar_final,../noise_640x426.ppm,3,7,0.06956315400020685
denoise_calendar_final,../noise_640x426.ppm,3,8,0.06954953799868235
denoise_calendar_final,../noise_640x426.ppm,3,9,0.06986846000654623
denoise_calendar_final,../noise_640x426.ppm,3,10,0.06893411700002616
denoise_calendar_final,../noise_640x426.ppm,3,11,0.07180256900028326
denoise_calendar_final,../noise_640x426.ppm,3,12,0.0708826530026272
denoise_calendar_final,../noise_640x426.ppm,3,13,0.06885894500010181
denoise_calendar_final,../noise_640x426.ppm,3,14,0.06992874299612595
denoise_calendar_final,../noise_640x426.ppm,3,15,0.07296365899674129
denoise_calendar_final,../noise_640x426.ppm,3,16,0.08243814299930818
denoise_calendar_final,../noise_640x426.ppm,3,17,0.07061763299861923
denoise_calendar_final,../noise_640x426.ppm,3,18,0.07034134199784603
denoise_calendar_final,../noise_640x426.ppm,3,19,0.07104254399746424
denoise_calendar_final,../noise_640x426.ppm,3,20,0.0699724350051838
denoise_calendar_final,../noise_640x426.ppm,3,21,0.06951787800062448
denoise_calendar_final,../noise_640x426.ppm,3,22,0.06872553300490836
denoise_calendar_final,../noise_640x426.ppm,3,23,0.0688045319984667
denoise_calendar_final,../noise_640x426.ppm,3,24,0.0705006720017991
denoise_calendar_final,../noise_640x426.ppm,3,25,0.06983642900013365
denoise_calendar_final,../noise_640x426.ppm,3,26,0.06960313899617177
denoise_calendar_final,../noise_640x426.ppm,3,27,0.07065699699887773
denoise_calendar_final,../noise_640x426.ppm,3,28,0.06937794399709674
denoise_calendar_final,../noise_640x426.ppm,3,29,0.06882863800274208
denoise_calendar_final,../noise_640x426.ppm,3,30,0.06936583099741256
denoise_calendar_final,../noise_640x426.ppm,4,1,0.05646275899925968
denoise_calendar_final,../noise_640x426.ppm,4,2,0.05445784699986689
denoise_calendar_final,../noise_640x426.ppm,4,3,0.055686023995804135
denoise_calendar_final,../noise_640x426.ppm,4,4,0.05586422000487801
denoise_calendar_final,../noise_640x426.ppm,4,5,0.0555543249938637
denoise_calendar_final,../noise_640x426.ppm,4,6,0.05495816100301454
denoise_calendar_final,../noise_640x426.ppm,4,7,0.05531544500263408
denoise_calendar_final,../noise_640x426.ppm,4,8,0.05527841499861097
denoise_calendar_final,../noise_640x426.ppm,4,9,0.055215626998688094
denoise_calendar_final,../noise_640x426.ppm,4,10,0.05523558400454931
denoise_calendar_final,../noise_640x426.ppm,4,11,0.054755778997787274
denoise_calendar_final,../noise_640x426.ppm,4,12,0.05523509300110163
denoise_calendar_final,../noise_640x426.ppm,4,13,0.056108261000190396
denoise_calendar_final,../noise_640x426.ppm,4,14,0.05496896100521553
denoise_calendar_final,../noise_640x426.ppm,4,15,0.05490358800307149
denoise_calendar_final,../noise_640x426.ppm,4,16,0.05556032699678326
denoise_calendar_final,../noise_640x426.ppm,4,17,0.05460612699971534
denoise_calendar_final,../noise_640x426.ppm,4,18,0.055175280002004
denoise_calendar_final,../noise_640x426.ppm,4,19,0.0662021320022177
denoise_calendar_final,../noise_640x426.ppm,4,20,0.06640295199758839
denoise_calendar_final,../noise_640x426.ppm,4,21,0.05424642800062429
denoise_calendar_final,../noise_640x426.ppm,4,22,0.055143600002338644
denoise_calendar_final,../noise_640x426.ppm,4,23,0.05587057200318668
denoise_calendar_final,../noise_640x426.ppm,4,24,0.0558475889993133
denoise_calendar_final,../noise_640x426.ppm,4,25,0.05585860899736872
denoise_calendar_final,../noise_640x426.ppm,4,26,0.055622403997404035
denoise_calendar_final,../noise_640x426.ppm,4,27,0.056232344002637547
denoise_calendar_final,../noise_640x426.ppm,4,28,0.05622152399882907
denoise_calendar_final,../noise_640x426.ppm,4,29,0.0558091359998798
denoise_calendar_final,../noise_640x426.ppm,4,30,0.055074030002288055
denoise_calendar_final,../noise_640x426.ppm,5,1,0.046145916006935295
denoise_calendar_final,../noise_640x426.ppm,5,2,0.04596012599358801
denoise_calendar_final,../noise_640x426.ppm,5,3,0.04586268199636834
denoise_calendar_final,../noise_640x426.ppm,5,4,0.04621321300510317
denoise_calendar_final,../noise_640x426.ppm,5,5,0.044827559002442285
denoise_calendar_final,../noise_640x426.ppm,5,6,0.04828507199999876
denoise_calendar_final,../noise_640x426.ppm,5,7,0.04672292400209699
denoise_calendar_final,../noise_640x426.ppm,5,8,0.04617262700048741
denoise_calendar_final,../noise_640x426.ppm,5,9,0.0455107770030736
denoise_calendar_final,../noise_640x426.ppm,5,10,0.04520109300210606
denoise_calendar_final,../noise_640x426.ppm,5,11,0.04631807099940488
denoise_calendar_final,../noise_640x426.ppm,5,12,0.047452099999645725
denoise_calendar_final,../noise_640x426.ppm,5,13,0.04528993099665968
denoise_calendar_final,../noise_640x426.ppm,5,14,0.04599254600179847
denoise_calendar_final,../noise_640x426.ppm,5,15,0.04554496300261235
denoise_calendar_final,../noise_640x426.ppm,5,16,0.044962363004742656
denoise_calendar_final,../noise_640x426.ppm,5,17,0.04727739100053441
denoise_calendar_final,../noise_640x426.ppm,5,18,0.04501911000261316
denoise_calendar_final,../noise_640x426.ppm,5,19,0.04682693000358995
denoise_calendar_final,../noise_640x426.ppm,5,20,0.04542457500065211
denoise_calendar_final,../noise_640x426.ppm,5,21,0.046849323000060394
denoise_calendar_final,../noise_640x426.ppm,5,22,0.044699086000036914
denoise_calendar_final,../noise_640x426.ppm,5,23,0.06197129099746235
denoise_calendar_final,../noise_640x426.ppm,5,24,0.07189340000331867
denoise_calendar_final,../noise_640x426.ppm,5,25,0.045989040001586545
denoise_calendar_final,../noise_640x426.ppm,5,26,0.045839066995540634
denoise_calendar_final,../noise_640x426.ppm,5,27,0.04608161500073038
denoise_calendar_final,../noise_640x426.ppm,5,28,0.04582030099845724
denoise_calendar_final,../noise_640x426.ppm,5,29,0.04637728200032143
denoise_calendar_final,../noise_640x426.ppm,5,30,0.046090691997960676
denoise_calendar_final,../noise_640x426.ppm,6,1,0.04071243599901209
denoise_calendar_final,../noise_640x426.ppm,6,2,0.03959896500600735
denoise_calendar_final,../noise_640x426.ppm,6,3,0.03988629700324964
denoise_calendar_final,../noise_640x426.ppm,6,4,0.04089506000309484
denoise_calendar_final,../noise_640x426.ppm,6,5,0.03984112200123491
denoise_calendar_final,../noise_640x426.ppm,6,6,0.04069643600087147
denoise_calendar_final,../noise_640x426.ppm,6,7,0.03966121200210182
denoise_calendar_final,../noise_640x426.ppm,6,8,0.039447379000193905
denoise_calendar_final,../noise_640x426.ppm,6,9,0.04053034200478578
denoise_calendar_final,../noise_640x426.ppm,6,10,0.0410681060020579
denoise_calendar_final,../noise_640x426.ppm,6,11,0.04052811799920164
denoise_calendar_final,../noise_640x426.ppm,6,12,0.04027543099800823
denoise_calendar_final,../noise_640x426.ppm,6,13,0.039810483998735435
denoise_calendar_final,../noise_640x426.ppm,6,14,0.040104718995280564
denoise_calendar_final,../noise_640x426.ppm,6,15,0.04056392599886749
denoise_calendar_final,../noise_640x426.ppm,6,16,0.04069126599642914
denoise_calendar_final,../noise_640x426.ppm,6,17,0.04010793499764986
denoise_calendar_final,../noise_640x426.ppm,6,18,0.03990729700308293
denoise_calendar_final,../noise_640x426.ppm,6,19,0.040267737000249326
denoise_calendar_final,../noise_640x426.ppm,6,20,0.03952630799904
denoise_calendar_final,../noise_640x426.ppm,6,21,0.041091360995778814
denoise_calendar_final,../noise_640x426.ppm,6,22,0.04006408200075384
denoise_calendar_final,../noise_640x426.ppm,6,23,0.04221806599525735
denoise_calendar_final,../noise_640x426.ppm,6,24,0.03967084000032628
denoise_calendar_final,../noise_640x426.ppm,6,25,0.04014605699921958
denoise_calendar_final,../noise_640x426.ppm,6,26,0.04531934699480189
denoise_calendar_final,../noise_640x426.ppm,6,27,0.04321841300406959
denoise_calendar_final,../noise_640x426.ppm,6,28,0.03989043500041589
denoise_calendar_final,../noise_640x426.ppm,6,29,0.0395948369987309
denoise_calendar_final,../noise_640x426.ppm,6,30,0.04047833399818046
denoise_calendar_final,../noise_640x426.ppm,7,1,0.058390005004184786
denoise_calendar_final,../noise_640x426.ppm,7,2,0.04608350800117478
denoise_calendar_final,../noise_640x426.ppm,7,3,0.04242374399473192
denoise_calendar_final,../noise_640x426.ppm,7,4,0.0401565069987555
denoise_calendar_final,../noise_640x426.ppm,7,5,0.04106794700055616
denoise_calendar_final,../noise_640x426.ppm,7,6,0.04317359899869189
denoise_calendar_final,../noise_640x426.ppm,7,7,0.04052751700510271
denoise_calendar_final,../noise_640x426.ppm,7,8,0.04014292099600425
denoise_calendar_final,../noise_640x426.ppm,7,9,0.040714328999456484
denoise_calendar_final,../noise_640x426.ppm,7,10,0.04132777699851431
denoise_calendar_final,../noise_640x426.ppm,7,11,0.04080074200464878
denoise_calendar_final,../noise_640x426.ppm,7,12,0.040044725996267516
denoise_calendar_final,../noise_640x426.ppm,7,13,0.03992032099631615
denoise_calendar_final,../noise_640x426.ppm,7,14,0.0399207220034441
denoise_calendar_final,../noise_640x426.ppm,7,15,0.041764530004002154
denoise_calendar_final,../noise_640x426.ppm,7,16,0.03998555400175974
denoise_calendar_final,../noise_640x426.ppm,7,17,0.041043519995582756
denoise_calendar_final,../noise_640x426.ppm,7,18,0.03998436200345168
denoise_calendar_final,../noise_640x426.ppm,7,19,0.03972931099997368
denoise_calendar_final,../noise_640x426.ppm,7,20,0.04044039299333235
denoise_calendar_final,../noise_640x426.ppm,7,21,0.040410456000245176
denoise_calendar_final,../noise_640x426.ppm,7,22,0.04144046899455134
denoise_calendar_final,../noise_640x426.ppm,7,23,0.044449616005294956
denoise_calendar_final,../noise_640x426.ppm,7,24,0.03973305800172966
denoise_calendar_final,../noise_640x426.ppm,7,25,0.0431225229986012
denoise_calendar_final,../noise_640x426.ppm,7,26,0.04199532599886879
denoise_calendar_final,../noise_640x426.ppm,7,27,0.049900227997568436
denoise_calendar_final,../noise_640x426.ppm,7,28,0.05233119500189787
denoise_calendar_final,../noise_640x426.ppm,7,29,0.040235125001345295
denoise_calendar_final,../noise_640x426.ppm,7,30,0.04036966899730032
denoise_calendar_final,../noise_640x426.ppm,8,1,0.04068771900347201
denoise_calendar_final,../noise_640x426.ppm,8,2,0.038013022000086494
denoise_calendar_final,../noise_640x426.ppm,8,3,0.042422862999956124
denoise_calendar_final,../noise_640x426.ppm,8,4,0.03889556800277205
denoise_calendar_final,../noise_640x426.ppm,8,5,0.0398204529992654
denoise_calendar_final,../noise_640x426.ppm,8,6,0.04026090399565874
denoise_calendar_final,../noise_640x426.ppm,8,7,0.03992291599570308
denoise_calendar_final,../noise_640x426.ppm,8,8,0.04171730099915294
denoise_calendar_final,../noise_640x426.ppm,8,9,0.040316418002475984
denoise_calendar_final,../noise_640x426.ppm,8,10,0.042198570001346525
denoise_calendar_final,../noise_640x426.ppm,8,11,0.04032661700330209
denoise_calendar_final,../noise_640x426.ppm,8,12,0.03859631300292676
denoise_calendar_final,../noise_640x426.ppm,8,13,0.04138006499852054
denoise_calendar_final,../noise_640x426.ppm,8,14,0.041051043997867964
denoise_calendar_final,../noise_640x426.ppm,8,15,0.04070829700503964
denoise_calendar_final,../noise_640x426.ppm,8,16,0.039103360002627596
denoise_calendar_final,../noise_640x426.ppm,8,17,0.039110533994971775
denoise_calendar_final,../noise_640x426.ppm,8,18,0.04197851399658248
denoise_calendar_final,../noise_640x426.ppm,8,19,0.04120836099900771
denoise_calendar_final,../noise_640x426.ppm,8,20,0.04009213499375619
denoise_calendar_final,../noise_640x426.ppm,8,21,0.039977759995963424
denoise_calendar_final,../noise_640x426.ppm,8,22,0.043184428999666125
denoise_calendar_final,../noise_640x426.ppm,8,23,0.03989582500071265
denoise_calendar_final,../noise_640x426.ppm,8,24,0.04052330899867229
denoise_calendar_final,../noise_640x426.ppm,8,25,0.04033158799575176
denoise_calendar_final,../noise_640x426.ppm,8,26,0.049805690003267955
denoise_calendar_final,../noise_640x426.ppm,8,27,0.05855482600600226
denoise_calendar_final,../noise_640x426.ppm,8,28,0.04109708099713316
denoise_calendar_final,../noise_640x426.ppm,8,29,0.04200195799785433
denoise_calendar_final,../noise_640x426.ppm,8,30,0.03940475799754495
denoise_calendar_final,../noise_640x426.ppm,9,1,0.03848251899762545
denoise_calendar_final,../noise_640x426.ppm,9,2,0.040715130999160465
denoise_calendar_final,../noise_640x426.ppm,9,3,0.04062369800521992
denoise_calendar_final,../noise_640x426.ppm,9,4,0.04009195500111673
denoise_calendar_final,../noise_640x426.ppm,9,5,0.03783245299564442
denoise_calendar_final,../noise_640x426.ppm,9,6,0.03958658199553611
denoise_calendar_final,../noise_640x426.ppm,9,7,0.04026538300240645
denoise_calendar_final,../noise_640x426.ppm,9,8,0.037624540003889706
denoise_calendar_final,../noise_640x426.ppm,9,9,0.03729778400156647
denoise_calendar_final,../noise_640x426.ppm,9,10,0.04148980200261576
denoise_calendar_final,../noise_640x426.ppm,9,11,0.037273146997904405
denoise_calendar_final,../noise_640x426.ppm,9,12,0.03871569899638416
denoise_calendar_final,../noise_640x426.ppm,9,13,0.04114675500022713
denoise_calendar_final,../noise_640x426.ppm,9,14,0.04006416199990781
denoise_calendar_final,../noise_640x426.ppm,9,15,0.03856466399884084
denoise_calendar_final,../noise_640x426.ppm,9,16,0.03914505900320364
denoise_calendar_final,../noise_640x426.ppm,9,17,0.03874835000169696
denoise_calendar_final,../noise_640x426.ppm,9,18,0.03881013699719915
denoise_calendar_final,../noise_640x426.ppm,9,19,0.03978053800528869
denoise_calendar_final,../noise_640x426.ppm,9,20,0.03862733199639479
denoise_calendar_final,../noise_640x426.ppm,9,21,0.038600230000156444
denoise_calendar_final,../noise_640x426.ppm,9,22,0.03837469500285806
denoise_calendar_final,../noise_640x426.ppm,9,23,0.039363771000353154
denoise_calendar_final,../noise_640x426.ppm,9,24,0.038679199999023695
denoise_calendar_final,../noise_640x426.ppm,9,25,0.03855448499962222
denoise_calendar_final,../noise_640x426.ppm,9,26,0.039347030004137196
denoise_calendar_final,../noise_640x426.ppm,9,27,0.04104447200370487
denoise_calendar_final,../noise_640x426.ppm,9,28,0.04551405399979558
denoise_calendar_final,../noise_640x426.ppm,9,29,0.055475296001532115
denoise_calendar_final,../noise_640x426.ppm,9,30,0.03992667300190078
denoise_calendar_final,../noise_640x426.ppm,10,1,0.04298333000042476
denoise_calendar_final,../noise_640x426.ppm,10,2,0.03865205899637658
denoise_calendar_final,../noise_640x426.ppm,10,3,0.03815334699902451
denoise_calendar_final,../noise_640x426.ppm,10,4,0.03858285800379235
denoise_calendar_final,../noise_640x426.ppm,10,5,0.03879416700510774
denoise_calendar_final,../noise_640x426.ppm,10,6,0.03890024699649075
denoise_calendar_final,../noise_640x426.ppm,10,7,0.03816007099521812
denoise_calendar_final,../noise_640x426.ppm,10,8,0.03865507400041679
denoise_calendar_final,../noise_640x426.ppm,10,9,0.03806185500434367
denoise_calendar_final,../noise_640x426.ppm,10,10,0.040229614001873415
denoise_calendar_final,../noise_640x426.ppm,10,11,0.037916181005130056
denoise_calendar_final,../noise_640x426.ppm,10,12,0.03744394000386819
denoise_calendar_final,../noise_640x426.ppm,10,13,0.04042714700335637
denoise_calendar_final,../noise_640x426.ppm,10,14,0.038608175003901124
denoise_calendar_final,../noise_640x426.ppm,10,15,0.03708452199498424
denoise_calendar_final,../noise_640x426.ppm,10,16,0.040352847005124204
denoise_calendar_final,../noise_640x426.ppm,10,17,0.03852112100139493
denoise_calendar_final,../noise_640x426.ppm,10,18,0.03730050900048809
denoise_calendar_final,../noise_640x426.ppm,10,19,0.040402500999334734
denoise_calendar_final,../noise_640x426.ppm,10,20,0.0398989410023205
denoise_calendar_final,../noise_640x426.ppm,10,21,0.03883328999654623
denoise_calendar_final,../noise_640x426.ppm,10,22,0.0371933669957798
denoise_calendar_final,../noise_640x426.ppm,10,23,0.037914467000518925
denoise_calendar_final,../noise_640x426.ppm,10,24,0.03787127500254428
denoise_calendar_final,../noise_640x426.ppm,10,25,0.03857094499835512
denoise_calendar_final,../noise_640x426.ppm,10,26,0.039970726997125894
denoise_calendar_final,../noise_640x426.ppm,10,27,0.04198074799933238
denoise_calendar_final,../noise_640x426.ppm,10,28,0.053330039998400025
denoise_calendar_final,../noise_640x426.ppm,10,29,0.046691456002008636
denoise_calendar_final,../noise_640x426.ppm,10,30,0.037719959997048136
denoise_calendar_final,../noise_640x426.ppm,11,1,0.03948571199725848
denoise_calendar_final,../noise_640x426.ppm,11,2,0.03827475699654315
denoise_calendar_final,../noise_640x426.ppm,11,3,0.03827995599567657
denoise_calendar_final,../noise_640x426.ppm,11,4,0.039333073000307195
denoise_calendar_final,../noise_640x426.ppm,11,5,0.03665713499503909
denoise_calendar_final,../noise_640x426.ppm,11,6,0.038093806004326325
denoise_calendar_final,../noise_640x426.ppm,11,7,0.039288498999667354
denoise_calendar_final,../noise_640x426.ppm,11,8,0.03820448400074383
denoise_calendar_final,../noise_640x426.ppm,11,9,0.03871803299989551
denoise_calendar_final,../noise_640x426.ppm,11,10,0.03915398599929176
denoise_calendar_final,../noise_640x426.ppm,11,11,0.038508797995746136
denoise_calendar_final,../noise_640x426.ppm,11,12,0.03854763100389391
denoise_calendar_final,../noise_640x426.ppm,11,13,0.03994200300076045
denoise_calendar_final,../noise_640x426.ppm,11,14,0.03764145199966151
denoise_calendar_final,../noise_640x426.ppm,11,15,0.038858077001350466
denoise_calendar_final,../noise_640x426.ppm,11,16,0.03858924000087427
denoise_calendar_final,../noise_640x426.ppm,11,17,0.03975592100323411
denoise_calendar_final,../noise_640x426.ppm,11,18,0.04020953700091923
denoise_calendar_final,../noise_640x426.ppm,11,19,0.03992277600627858
denoise_calendar_final,../noise_640x426.ppm,11,20,0.03746265500376467
denoise_calendar_final,../noise_640x426.ppm,11,21,0.03958223299559904
denoise_calendar_final,../noise_640x426.ppm,11,22,0.03875217799941311
denoise_calendar_final,../noise_640x426.ppm,11,23,0.03825504999986151
denoise_calendar_final,../noise_640x426.ppm,11,24,0.03834859599737683
denoise_calendar_final,../noise_640x426.ppm,11,25,0.03979708799306536
denoise_calendar_final,../noise_640x426.ppm,11,26,0.03759455299586989
denoise_calendar_final,../noise_640x426.ppm,11,27,0.04155392299435334
denoise_calendar_final,../noise_640x426.ppm,11,28,0.04344283600221388
denoise_calendar_final,../noise_640x426.ppm,11,29,0.05049491099634906
denoise_calendar_final,../noise_640x426.ppm,11,30,0.03888733200437855
denoise_calendar_final,../noise_640x426.ppm,12,1,0.038996458002657164
denoise_calendar_final,../noise_640x426.ppm,12,2,0.038312598000629805
denoise_calendar_final,../noise_640x426.ppm,12,3,0.03754018100153189
denoise_calendar_final,../noise_640x426.ppm,12,4,0.038047829002607614
denoise_calendar_final,../noise_640x426.ppm,12,5,0.03783280300558545
denoise_calendar_final,../noise_640x426.ppm,12,6,0.03708897000615252
denoise_calendar_final,../noise_640x426.ppm,12,7,0.03789857700030552
denoise_calendar_final,../noise_640x426.ppm,12,8,0.03915928600326879
denoise_calendar_final,../noise_640x426.ppm,12,9,0.038462830998469144
denoise_calendar_final,../noise_640x426.ppm,12,10,0.03794751899840776
denoise_calendar_final,../noise_640x426.ppm,12,11,0.03799790499761002
denoise_calendar_final,../noise_640x426.ppm,12,12,0.037230916997941677
denoise_calendar_final,../noise_640x426.ppm,12,13,0.04172856300283456
denoise_calendar_final,../noise_640x426.ppm,12,14,0.0377155620008125
denoise_calendar_final,../noise_640x426.ppm,12,15,0.038348114998370875
denoise_calendar_final,../noise_640x426.ppm,12,16,0.03826886499882676
denoise_calendar_final,../noise_640x426.ppm,12,17,0.03761483199923532
denoise_calendar_final,../noise_640x426.ppm,12,18,0.03831863999948837
denoise_calendar_final,../noise_640x426.ppm,12,19,0.03739095899800304
denoise_calendar_final,../noise_640x426.ppm,12,20,0.038488099999085534
denoise_calendar_final,../noise_640x426.ppm,12,21,0.03728412800410297
denoise_calendar_final,../noise_640x426.ppm,12,22,0.03804449300514534
denoise_calendar_final,../noise_640x426.ppm,12,23,0.037666138996428344
denoise_calendar_final,../noise_640x426.ppm,12,24,0.040236298002128024
denoise_calendar_final,../noise_640x426.ppm,12,25,0.042999060002330225
denoise_calendar_final,../noise_640x426.ppm,12,26,0.03903704499680316
denoise_calendar_final,../noise_640x426.ppm,12,27,0.041370937004103325
denoise_calendar_final,../noise_640x426.ppm,12,28,0.04741660299623618
denoise_calendar_final,../noise_640x426.ppm,12,29,0.05381503399985377
denoise_calendar_final,../noise_640x426.ppm,12,30,0.03791058999922825
denoise_calendar_final,../noise_640x426.ppm,13,1,0.03980492299888283
denoise_calendar_final,../noise_640x426.ppm,13,2,0.03917540599650238
denoise_calendar_final,../noise_640x426.ppm,13,3,0.040036801001406275
denoise_calendar_final,../noise_640x426.ppm,13,4,0.03771860800043214
denoise_calendar_final,../noise_640x426.ppm,13,5,0.038393791000999045
denoise_calendar_final,../noise_640x426.ppm,13,6,0.03776736999861896
denoise_calendar_final,../noise_640x426.ppm,13,7,0.03830510399711784
denoise_calendar_final,../noise_640x426.ppm,13,8,0.03834315600397531
denoise_calendar_final,../noise_640x426.ppm,13,9,0.03980119700281648
denoise_calendar_final,../noise_640x426.ppm,13,10,0.04032436400302686
denoise_calendar_final,../noise_640x426.ppm,13,11,0.03785067699936917
denoise_calendar_final,../noise_640x426.ppm,13,12,0.039146922004874796
denoise_calendar_final,../noise_640x426.ppm,13,13,0.03881171999819344
denoise_calendar_final,../noise_640x426.ppm,13,14,0.0378271820009104
denoise_calendar_final,../noise_640x426.ppm,13,15,0.03888409600040177
denoise_calendar_final,../noise_640x426.ppm,13,16,0.03837614899384789
denoise_calendar_final,../noise_640x426.ppm,13,17,0.039111985999625176
denoise_calendar_final,../noise_640x426.ppm,13,18,0.03865701800532406
denoise_calendar_final,../noise_640x426.ppm,13,19,0.03851759499957552
denoise_calendar_final,../noise_640x426.ppm,13,20,0.038379845005692914
denoise_calendar_final,../noise_640x426.ppm,13,21,0.03785380200133659
denoise_calendar_final,../noise_640x426.ppm,13,22,0.038689960005285684
denoise_calendar_final,../noise_640x426.ppm,13,23,0.038497246998304036
denoise_calendar_final,../noise_640x426.ppm,13,24,0.03844919599941932
denoise_calendar_final,../noise_640x426.ppm,13,25,0.038202580995857716
denoise_calendar_final,../noise_640x426.ppm,13,26,0.03752672499831533
denoise_calendar_final,../noise_640x426.ppm,13,27,0.03908283099735854
denoise_calendar_final,../noise_640x426.ppm,13,28,0.04217344199423678
denoise_calendar_final,../noise_640x426.ppm,13,29,0.05536337500234367
denoise_calendar_final,../noise_640x426.ppm,13,30,0.038686933999997564
denoise_calendar_final,../noise_640x426.ppm,14,1,0.03889844300283585
denoise_calendar_final,../noise_640x426.ppm,14,2,0.03886654300004011
denoise_calendar_final,../noise_640x426.ppm,14,3,0.03714804199989885
denoise_calendar_final,../noise_640x426.ppm,14,4,0.03712341400387231
denoise_calendar_final,../noise_640x426.ppm,14,5,0.03765138999733608
denoise_calendar_final,../noise_640x426.ppm,14,6,0.03838588600046933
denoise_calendar_final,../noise_640x426.ppm,14,7,0.03826318500068737
denoise_calendar_final,../noise_640x426.ppm,14,8,0.038765111996326596
denoise_calendar_final,../noise_640x426.ppm,14,9,0.03881448500033002
denoise_calendar_final,../noise_640x426.ppm,14,10,0.038071943999966606
denoise_calendar_final,../noise_640x426.ppm,14,11,0.039583776000654325
denoise_calendar_final,../noise_640x426.ppm,14,12,0.03736956899956567
denoise_calendar_final,../noise_640x426.ppm,14,13,0.03872293199674459
denoise_calendar_final,../noise_640x426.ppm,14,14,0.03772219399979804
denoise_calendar_final,../noise_640x426.ppm,14,15,0.039193971002532635
denoise_calendar_final,../noise_640x426.ppm,14,16,0.03720363599859411
denoise_calendar_final,../noise_640x426.ppm,14,17,0.037507889996049926
denoise_calendar_final,../noise_640x426.ppm,14,18,0.03800983700057259
denoise_calendar_final,../noise_640x426.ppm,14,19,0.040273067002999596
denoise_calendar_final,../noise_640x426.ppm,14,20,0.03746347600099398
denoise_calendar_final,../noise_640x426.ppm,14,21,0.0387488919950556
denoise_calendar_final,../noise_640x426.ppm,14,22,0.03729772400401998
denoise_calendar_final,../noise_640x426.ppm,14,23,0.037815691001014784
denoise_calendar_final,../noise_640x426.ppm,14,24,0.03910657599772094
denoise_calendar_final,../noise_640x426.ppm,14,25,0.03764038999361219
denoise_calendar_final,../noise_640x426.ppm,14,26,0.03841021200059913
denoise_calendar_final,../noise_640x426.ppm,14,27,0.03842422900197562
denoise_calendar_final,../noise_640x426.ppm,14,28,0.041219161001208704
denoise_calendar_final,../noise_640x426.ppm,14,29,0.04747120599495247
denoise_calendar_final,../noise_640x426.ppm,14,30,0.050953516001754906
denoise_calendar_final,../noise_640x426.ppm,15,1,0.040137379997759126
denoise_calendar_final,../noise_640x426.ppm,15,2,0.03878055100358324
denoise_calendar_final,../noise_640x426.ppm,15,3,0.03826571000536205
denoise_calendar_final,../noise_640x426.ppm,15,4,0.0390816490034922
denoise_calendar_final,../noise_640x426.ppm,15,5,0.03852129200095078
denoise_calendar_final,../noise_640x426.ppm,15,6,0.03848487300274428
denoise_calendar_final,../noise_640x426.ppm,15,7,0.03956823699991219
denoise_calendar_final,../noise_640x426.ppm,15,8,0.04277361399726942
denoise_calendar_final,../noise_640x426.ppm,15,9,0.03939715500018792
denoise_calendar_final,../noise_640x426.ppm,15,10,0.03816931799519807
denoise_calendar_final,../noise_640x426.ppm,15,11,0.038688516993715893
denoise_calendar_final,../noise_640x426.ppm,15,12,0.03913330700015649
denoise_calendar_final,../noise_640x426.ppm,15,13,0.0379708229957032
denoise_calendar_final,../noise_640x426.ppm,15,14,0.03792033799982164
denoise_calendar_final,../noise_640x426.ppm,15,15,0.03735710500041023
denoise_calendar_final,../noise_640x426.ppm,15,16,0.038161463002325036
denoise_calendar_final,../noise_640x426.ppm,15,17,0.03921250600251369
denoise_calendar_final,../noise_640x426.ppm,15,18,0.037625522003509104
denoise_calendar_final,../noise_640x426.ppm,15,19,0.038092082999355625
denoise_calendar_final,../noise_640x426.ppm,15,20,0.03741483399790013
denoise_calendar_final,../noise_640x426.ppm,15,21,0.03783233200374525
denoise_calendar_final,../noise_640x426.ppm,15,22,0.038838710002892185
denoise_calendar_final,../noise_640x426.ppm,15,23,0.03905802500230493
denoise_calendar_final,../noise_640x426.ppm,15,24,0.03689775899692904
denoise_calendar_final,../noise_640x426.ppm,15,25,0.03898325400223257
denoise_calendar_final,../noise_640x426.ppm,15,26,0.03808373700303491
denoise_calendar_final,../noise_640x426.ppm,15,27,0.03871791299752658
denoise_calendar_final,../noise_640x426.ppm,15,28,0.04153080900141504
denoise_calendar_final,../noise_640x426.ppm,15,29,0.03830069600371644
denoise_calendar_final,../noise_640x426.ppm,15,30,0.04713444100343622
denoise_calendar_final,../noise_640x426.ppm,16,1,0.048348520998843014
denoise_calendar_final,../noise_640x426.ppm,16,2,0.03893052399507724
denoise_calendar_final,../noise_640x426.ppm,16,3,0.0385423819971038
denoise_calendar_final,../noise_640x426.ppm,16,4,0.03939425900171045
denoise_calendar_final,../noise_640x426.ppm,16,5,0.04108122100296896
denoise_calendar_final,../noise_640x426.ppm,16,6,0.03902993100200547
denoise_calendar_final,../noise_640x426.ppm,16,7,0.03804557400144404
denoise_calendar_final,../noise_640x426.ppm,16,8,0.039125210998463444
denoise_calendar_final,../noise_640x426.ppm,16,9,0.038892151998879854
denoise_calendar_final,../noise_640x426.ppm,16,10,0.038722992001567036
denoise_calendar_final,../noise_640x426.ppm,16,11,0.03830719799589133
denoise_calendar_final,../noise_640x426.ppm,16,12,0.04216200000519166
denoise_calendar_final,../noise_640x426.ppm,16,13,0.037874139998166356
denoise_calendar_final,../noise_640x426.ppm,16,14,0.03866180699696997
denoise_calendar_final,../noise_640x426.ppm,16,15,0.037586678998195566
denoise_calendar_final,../noise_640x426.ppm,16,16,0.03884595499403076
denoise_calendar_final,../noise_640x426.ppm,16,17,0.0381736359995557
denoise_calendar_final,../noise_640x426.ppm,16,18,0.04050540499883937
denoise_calendar_final,../noise_640x426.ppm,16,19,0.03974857799767051
denoise_calendar_final,../noise_640x426.ppm,16,20,0.04082686199399177
denoise_calendar_final,../noise_640x426.ppm,16,21,0.04141312700085109
denoise_calendar_final,../noise_640x426.ppm,16,22,0.0380993459984893
denoise_calendar_final,../noise_640x426.ppm,16,23,0.04056859399861423
denoise_calendar_final,../noise_640x426.ppm,16,24,0.03879032999975607
denoise_calendar_final,../noise_640x426.ppm,16,25,0.038554695005586836
denoise_calendar_final,../noise_640x426.ppm,16,26,0.03874439300125232
denoise_calendar_final,../noise_640x426.ppm,16,27,0.04803240500041284
denoise_calendar_final,../noise_640x426.ppm,16,28,0.049551980999240186
denoise_calendar_final,../noise_640x426.ppm,16,29,0.047939880001649726
denoise_calendar_final,../noise_640x426.ppm,16,30,0.037775294003949966
